Copyright 1986-2018 Xilinx, Inc. All Rights Reserved.
-----------------------------------------------------------------------------------------------------------------------------------------------------------------------------------
| Tool Version : Vivado v.2018.3 (win64) Build 2405991 Thu Dec  6 23:38:27 MST 2018
| Date         : Wed Apr 22 21:09:26 2026
| Host         : KOMPUTER running 64-bit major release  (build 9200)
| Command      : report_timing_summary -max_paths 10 -file Lab4_timing_summary_routed.rpt -pb Lab4_timing_summary_routed.pb -rpx Lab4_timing_summary_routed.rpx -warn_on_violation
| Design       : Lab4
| Device       : 7z010-clg400
| Speed File   : -1  PRODUCTION 1.11 2014-09-11
-----------------------------------------------------------------------------------------------------------------------------------------------------------------------------------

Timing Summary Report

------------------------------------------------------------------------------------------------
| Timer Settings
| --------------
------------------------------------------------------------------------------------------------

  Enable Multi Corner Analysis               :  Yes
  Enable Pessimism Removal                   :  Yes
  Pessimism Removal Resolution               :  Nearest Common Node
  Enable Input Delay Default Clock           :  No
  Enable Preset / Clear Arcs                 :  No
  Disable Flight Delays                      :  No
  Ignore I/O Paths                           :  No
  Timing Early Launch at Borrowing Latches   :  false

  Corner  Analyze    Analyze    
  Name    Max Paths  Min Paths  
  ------  ---------  ---------  
  Slow    Yes        Yes        
  Fast    Yes        Yes        



check_timing report

Table of Contents
-----------------
1. checking no_clock
2. checking constant_clock
3. checking pulse_width_clock
4. checking unconstrained_internal_endpoints
5. checking no_input_delay
6. checking no_output_delay
7. checking multiple_clock
8. checking generated_clocks
9. checking loops
10. checking partial_input_delay
11. checking partial_output_delay
12. checking latch_loops

1. checking no_clock
--------------------
 There are 0 register/latch pins with no clock.


2. checking constant_clock
--------------------------
 There are 0 register/latch pins with constant_clock.


3. checking pulse_width_clock
-----------------------------
 There are 0 register/latch pins which need pulse_width check


4. checking unconstrained_internal_endpoints
--------------------------------------------
 There are 0 pins that are not constrained for maximum delay.

 There are 0 pins that are not constrained for maximum delay due to constant clock.


5. checking no_input_delay
--------------------------
 There are 2 input ports with no input delay specified. (HIGH)

 There are 0 input ports with no input delay but user has a false path constraint.


6. checking no_output_delay
---------------------------
 There are 2 ports with no output delay specified. (HIGH)

 There are 0 ports with no output delay but user has a false path constraint

 There are 0 ports with no output delay but with a timing clock defined on it or propagating through it


7. checking multiple_clock
--------------------------
 There are 0 register/latch pins with multiple clocks.


8. checking generated_clocks
----------------------------
 There are 0 generated clocks that are not connected to a clock source.


9. checking loops
-----------------
 There are 0 combinational loops in the design.


10. checking partial_input_delay
--------------------------------
 There are 0 input ports with partial input delay specified.


11. checking partial_output_delay
---------------------------------
 There are 0 ports with partial output delay specified.


12. checking latch_loops
------------------------
 There are 0 combinational latch loops in the design through latch input



------------------------------------------------------------------------------------------------
| Design Timing Summary
| ---------------------
------------------------------------------------------------------------------------------------

    WNS(ns)      TNS(ns)  TNS Failing Endpoints  TNS Total Endpoints      WHS(ns)      THS(ns)  THS Failing Endpoints  THS Total Endpoints     WPWS(ns)     TPWS(ns)  TPWS Failing Endpoints  TPWS Total Endpoints  
    -------      -------  ---------------------  -------------------      -------      -------  ---------------------  -------------------     --------     --------  ----------------------  --------------------  
      3.612        0.000                      0                   80        0.265        0.000                      0                   80        1.845        0.000                       0                    36  


All user specified timing constraints are met.


------------------------------------------------------------------------------------------------
| Clock Summary
| -------------
------------------------------------------------------------------------------------------------

Clock        Waveform(ns)         Period(ns)      Frequency(MHz)
-----        ------------         ----------      --------------
sys_clk_pin  {0.000 4.000}        8.000           125.000         
  bhalf_clk  {1.000 5.000}        8.000           125.000         
  binv_clk   {-1.000 1.000}       4.000           250.000         


------------------------------------------------------------------------------------------------
| Intra Clock Table
| -----------------
------------------------------------------------------------------------------------------------

Clock             WNS(ns)      TNS(ns)  TNS Failing Endpoints  TNS Total Endpoints      WHS(ns)      THS(ns)  THS Failing Endpoints  THS Total Endpoints     WPWS(ns)     TPWS(ns)  TPWS Failing Endpoints  TPWS Total Endpoints  
-----             -------      -------  ---------------------  -------------------      -------      -------  ---------------------  -------------------     --------     --------  ----------------------  --------------------  
sys_clk_pin                                                                                                                                                     2.000        0.000                       0                     3  
  bhalf_clk         3.612        0.000                      0                   80        0.265        0.000                      0                   80        3.020        0.000                       0                    31  
  binv_clk                                                                                                                                                      1.845        0.000                       0                     2  


------------------------------------------------------------------------------------------------
| Inter Clock Table
| -----------------
------------------------------------------------------------------------------------------------

From Clock    To Clock          WNS(ns)      TNS(ns)  TNS Failing Endpoints  TNS Total Endpoints      WHS(ns)      THS(ns)  THS Failing Endpoints  THS Total Endpoints  
----------    --------          -------      -------  ---------------------  -------------------      -------      -------  ---------------------  -------------------  


------------------------------------------------------------------------------------------------
| Other Path Groups Table
| -----------------------
------------------------------------------------------------------------------------------------

Path Group    From Clock    To Clock          WNS(ns)      TNS(ns)  TNS Failing Endpoints  TNS Total Endpoints      WHS(ns)      THS(ns)  THS Failing Endpoints  THS Total Endpoints  
----------    ----------    --------          -------      -------  ---------------------  -------------------      -------      -------  ---------------------  -------------------  


------------------------------------------------------------------------------------------------
| Timing Details
| --------------
------------------------------------------------------------------------------------------------


---------------------------------------------------------------------------------------------------
From Clock:  sys_clk_pin
  To Clock:  sys_clk_pin

Setup :           NA  Failing Endpoints,  Worst Slack           NA  ,  Total Violation           NA
Hold  :           NA  Failing Endpoints,  Worst Slack           NA  ,  Total Violation           NA
PW    :            0  Failing Endpoints,  Worst Slack        2.000ns,  Total Violation        0.000ns
---------------------------------------------------------------------------------------------------


Pulse Width Checks
--------------------------------------------------------------------------------------
Clock Name:         sys_clk_pin
Waveform(ns):       { 0.000 4.000 }
Period(ns):         8.000
Sources:            { clk }

Check Type        Corner  Lib Pin             Reference Pin  Required(ns)  Actual(ns)  Slack(ns)  Location         Pin
Min Period        n/a     BUFG/I              n/a            2.155         8.000       5.845      BUFGCTRL_X0Y16   BUFG_clk/I
Min Period        n/a     MMCME2_ADV/CLKFBIN  n/a            1.249         8.000       6.751      MMCME2_ADV_X0Y0  clk_base/CLKFBIN
Min Period        n/a     MMCME2_ADV/CLKIN1   n/a            1.249         8.000       6.751      MMCME2_ADV_X0Y0  clk_base/CLKIN1
Max Period        n/a     MMCME2_ADV/CLKFBIN  n/a            100.000       8.000       92.000     MMCME2_ADV_X0Y0  clk_base/CLKFBIN
Max Period        n/a     MMCME2_ADV/CLKIN1   n/a            100.000       8.000       92.000     MMCME2_ADV_X0Y0  clk_base/CLKIN1
Low Pulse Width   Slow    MMCME2_ADV/CLKIN1   n/a            2.000         4.000       2.000      MMCME2_ADV_X0Y0  clk_base/CLKIN1
Low Pulse Width   Fast    MMCME2_ADV/CLKIN1   n/a            2.000         4.000       2.000      MMCME2_ADV_X0Y0  clk_base/CLKIN1
High Pulse Width  Fast    MMCME2_ADV/CLKIN1   n/a            2.000         4.000       2.000      MMCME2_ADV_X0Y0  clk_base/CLKIN1
High Pulse Width  Slow    MMCME2_ADV/CLKIN1   n/a            2.000         4.000       2.000      MMCME2_ADV_X0Y0  clk_base/CLKIN1



---------------------------------------------------------------------------------------------------
From Clock:  bhalf_clk
  To Clock:  bhalf_clk

Setup :            0  Failing Endpoints,  Worst Slack        3.612ns,  Total Violation        0.000ns
Hold  :            0  Failing Endpoints,  Worst Slack        0.265ns,  Total Violation        0.000ns
PW    :            0  Failing Endpoints,  Worst Slack        3.020ns,  Total Violation        0.000ns
---------------------------------------------------------------------------------------------------


Max Delay Paths
--------------------------------------------------------------------------------------
Slack (MET) :             3.612ns  (required time - arrival time)
  Source:                 use_SRL16E/CLK
                            (rising edge-triggered cell SRL16E clocked by bhalf_clk  {rise@1.000ns fall@5.000ns period=8.000ns})
  Destination:            blink_cnt_reg[14]/R
                            (rising edge-triggered cell FDRE clocked by bhalf_clk  {rise@1.000ns fall@5.000ns period=8.000ns})
  Path Group:             bhalf_clk
  Path Type:              Setup (Max at Slow Process Corner)
  Requirement:            8.000ns  (bhalf_clk rise@9.000ns - bhalf_clk rise@1.000ns)
  Data Path Delay:        3.824ns  (logic 1.628ns (42.568%)  route 2.196ns (57.432%))
  Logic Levels:           0  
  Clock Path Skew:        -0.066ns (DCD - SCD + CPR)
    Destination Clock Delay (DCD):    8.577ns = ( 17.577 - 9.000 ) 
    Source Clock Delay      (SCD):    8.721ns = ( 9.721 - 1.000 ) 
    Clock Pessimism Removal (CPR):    0.079ns
  Clock Uncertainty:      0.069ns  ((TSJ^2 + DJ^2)^1/2) / 2 + PE
    Total System Jitter     (TSJ):    0.071ns
    Discrete Jitter          (DJ):    0.118ns
    Phase Error              (PE):    0.000ns

    Location             Delay type                Incr(ns)  Path(ns)    Netlist Resource(s)
  -------------------------------------------------------------------    -------------------
                         (clock bhalf_clk rise edge)
                                                      1.000     1.000 r  
    L16                                               0.000     1.000 r  clk (IN)
                         net (fo=0)                   0.000     1.000    clk
    L16                  IBUF (Prop_ibuf_I_O)         1.491     2.491 r  clk_IBUF_inst/O
                         net (fo=1, routed)           2.076     4.567    clk_IBUF
    BUFGCTRL_X0Y16       BUFG (Prop_bufg_I_O)         0.101     4.668 r  BUFG_clk/O
                         net (fo=2, routed)           1.680     6.348    CLKFBIN
    MMCME2_ADV_X0Y0      MMCME2_ADV (Prop_mmcme2_adv_CLKIN1_CLKOUT0)
                                                     -0.240     6.108 r  clk_base/CLKOUT0
                         net (fo=1, routed)           1.760     7.868    bhalf_clk
    BUFGCTRL_X0Y0        BUFG (Prop_bufg_I_O)         0.101     7.969 r  bhalf_clk_BUFG_inst/O
                         net (fo=30, routed)          1.752     9.721    bhalf_clk_BUFG
    SLICE_X42Y9          SRL16E                                       r  use_SRL16E/CLK
  -------------------------------------------------------------------    -------------------
    SLICE_X42Y9          SRL16E (Prop_srl16e_CLK_Q)
                                                      1.628    11.349 r  use_SRL16E/Q
                         net (fo=29, routed)          2.196    13.546    brst_o_OBUF
    SLICE_X43Y36         FDRE                                         r  blink_cnt_reg[14]/R
  -------------------------------------------------------------------    -------------------

                         (clock bhalf_clk rise edge)
                                                      9.000     9.000 r  
    L16                                               0.000     9.000 r  clk (IN)
                         net (fo=0)                   0.000     9.000    clk
    L16                  IBUF (Prop_ibuf_I_O)         1.421    10.421 r  clk_IBUF_inst/O
                         net (fo=1, routed)           1.880    12.301    clk_IBUF
    BUFGCTRL_X0Y16       BUFG (Prop_bufg_I_O)         0.091    12.392 r  BUFG_clk/O
                         net (fo=2, routed)           1.490    13.882    CLKFBIN
    MMCME2_ADV_X0Y0      MMCME2_ADV (Prop_mmcme2_adv_CLKIN1_CLKOUT0)
                                                      0.433    14.315 r  clk_base/CLKOUT0
                         net (fo=1, routed)           1.599    15.914    bhalf_clk
    BUFGCTRL_X0Y0        BUFG (Prop_bufg_I_O)         0.091    16.005 r  bhalf_clk_BUFG_inst/O
                         net (fo=30, routed)          1.571    17.577    bhalf_clk_BUFG
    SLICE_X43Y36         FDRE                                         r  blink_cnt_reg[14]/C
                         clock pessimism              0.079    17.655    
                         clock uncertainty           -0.069    17.586    
    SLICE_X43Y36         FDRE (Setup_fdre_C_R)       -0.429    17.157    blink_cnt_reg[14]
  -------------------------------------------------------------------
                         required time                         17.157    
                         arrival time                         -13.546    
  -------------------------------------------------------------------
                         slack                                  3.612    

Slack (MET) :             3.612ns  (required time - arrival time)
  Source:                 use_SRL16E/CLK
                            (rising edge-triggered cell SRL16E clocked by bhalf_clk  {rise@1.000ns fall@5.000ns period=8.000ns})
  Destination:            blink_cnt_reg[16]/R
                            (rising edge-triggered cell FDRE clocked by bhalf_clk  {rise@1.000ns fall@5.000ns period=8.000ns})
  Path Group:             bhalf_clk
  Path Type:              Setup (Max at Slow Process Corner)
  Requirement:            8.000ns  (bhalf_clk rise@9.000ns - bhalf_clk rise@1.000ns)
  Data Path Delay:        3.824ns  (logic 1.628ns (42.568%)  route 2.196ns (57.432%))
  Logic Levels:           0  
  Clock Path Skew:        -0.066ns (DCD - SCD + CPR)
    Destination Clock Delay (DCD):    8.577ns = ( 17.577 - 9.000 ) 
    Source Clock Delay      (SCD):    8.721ns = ( 9.721 - 1.000 ) 
    Clock Pessimism Removal (CPR):    0.079ns
  Clock Uncertainty:      0.069ns  ((TSJ^2 + DJ^2)^1/2) / 2 + PE
    Total System Jitter     (TSJ):    0.071ns
    Discrete Jitter          (DJ):    0.118ns
    Phase Error              (PE):    0.000ns

    Location             Delay type                Incr(ns)  Path(ns)    Netlist Resource(s)
  -------------------------------------------------------------------    -------------------
                         (clock bhalf_clk rise edge)
                                                      1.000     1.000 r  
    L16                                               0.000     1.000 r  clk (IN)
                         net (fo=0)                   0.000     1.000    clk
    L16                  IBUF (Prop_ibuf_I_O)         1.491     2.491 r  clk_IBUF_inst/O
                         net (fo=1, routed)           2.076     4.567    clk_IBUF
    BUFGCTRL_X0Y16       BUFG (Prop_bufg_I_O)         0.101     4.668 r  BUFG_clk/O
                         net (fo=2, routed)           1.680     6.348    CLKFBIN
    MMCME2_ADV_X0Y0      MMCME2_ADV (Prop_mmcme2_adv_CLKIN1_CLKOUT0)
                                                     -0.240     6.108 r  clk_base/CLKOUT0
                         net (fo=1, routed)           1.760     7.868    bhalf_clk
    BUFGCTRL_X0Y0        BUFG (Prop_bufg_I_O)         0.101     7.969 r  bhalf_clk_BUFG_inst/O
                         net (fo=30, routed)          1.752     9.721    bhalf_clk_BUFG
    SLICE_X42Y9          SRL16E                                       r  use_SRL16E/CLK
  -------------------------------------------------------------------    -------------------
    SLICE_X42Y9          SRL16E (Prop_srl16e_CLK_Q)
                                                      1.628    11.349 r  use_SRL16E/Q
                         net (fo=29, routed)          2.196    13.546    brst_o_OBUF
    SLICE_X43Y36         FDRE                                         r  blink_cnt_reg[16]/R
  -------------------------------------------------------------------    -------------------

                         (clock bhalf_clk rise edge)
                                                      9.000     9.000 r  
    L16                                               0.000     9.000 r  clk (IN)
                         net (fo=0)                   0.000     9.000    clk
    L16                  IBUF (Prop_ibuf_I_O)         1.421    10.421 r  clk_IBUF_inst/O
                         net (fo=1, routed)           1.880    12.301    clk_IBUF
    BUFGCTRL_X0Y16       BUFG (Prop_bufg_I_O)         0.091    12.392 r  BUFG_clk/O
                         net (fo=2, routed)           1.490    13.882    CLKFBIN
    MMCME2_ADV_X0Y0      MMCME2_ADV (Prop_mmcme2_adv_CLKIN1_CLKOUT0)
                                                      0.433    14.315 r  clk_base/CLKOUT0
                         net (fo=1, routed)           1.599    15.914    bhalf_clk
    BUFGCTRL_X0Y0        BUFG (Prop_bufg_I_O)         0.091    16.005 r  bhalf_clk_BUFG_inst/O
                         net (fo=30, routed)          1.571    17.577    bhalf_clk_BUFG
    SLICE_X43Y36         FDRE                                         r  blink_cnt_reg[16]/C
                         clock pessimism              0.079    17.655    
                         clock uncertainty           -0.069    17.586    
    SLICE_X43Y36         FDRE (Setup_fdre_C_R)       -0.429    17.157    blink_cnt_reg[16]
  -------------------------------------------------------------------
                         required time                         17.157    
                         arrival time                         -13.546    
  -------------------------------------------------------------------
                         slack                                  3.612    

Slack (MET) :             3.612ns  (required time - arrival time)
  Source:                 use_SRL16E/CLK
                            (rising edge-triggered cell SRL16E clocked by bhalf_clk  {rise@1.000ns fall@5.000ns period=8.000ns})
  Destination:            blink_cnt_reg[17]/R
                            (rising edge-triggered cell FDRE clocked by bhalf_clk  {rise@1.000ns fall@5.000ns period=8.000ns})
  Path Group:             bhalf_clk
  Path Type:              Setup (Max at Slow Process Corner)
  Requirement:            8.000ns  (bhalf_clk rise@9.000ns - bhalf_clk rise@1.000ns)
  Data Path Delay:        3.824ns  (logic 1.628ns (42.568%)  route 2.196ns (57.432%))
  Logic Levels:           0  
  Clock Path Skew:        -0.066ns (DCD - SCD + CPR)
    Destination Clock Delay (DCD):    8.577ns = ( 17.577 - 9.000 ) 
    Source Clock Delay      (SCD):    8.721ns = ( 9.721 - 1.000 ) 
    Clock Pessimism Removal (CPR):    0.079ns
  Clock Uncertainty:      0.069ns  ((TSJ^2 + DJ^2)^1/2) / 2 + PE
    Total System Jitter     (TSJ):    0.071ns
    Discrete Jitter          (DJ):    0.118ns
    Phase Error              (PE):    0.000ns

    Location             Delay type                Incr(ns)  Path(ns)    Netlist Resource(s)
  -------------------------------------------------------------------    -------------------
                         (clock bhalf_clk rise edge)
                                                      1.000     1.000 r  
    L16                                               0.000     1.000 r  clk (IN)
                         net (fo=0)                   0.000     1.000    clk
    L16                  IBUF (Prop_ibuf_I_O)         1.491     2.491 r  clk_IBUF_inst/O
                         net (fo=1, routed)           2.076     4.567    clk_IBUF
    BUFGCTRL_X0Y16       BUFG (Prop_bufg_I_O)         0.101     4.668 r  BUFG_clk/O
                         net (fo=2, routed)           1.680     6.348    CLKFBIN
    MMCME2_ADV_X0Y0      MMCME2_ADV (Prop_mmcme2_adv_CLKIN1_CLKOUT0)
                                                     -0.240     6.108 r  clk_base/CLKOUT0
                         net (fo=1, routed)           1.760     7.868    bhalf_clk
    BUFGCTRL_X0Y0        BUFG (Prop_bufg_I_O)         0.101     7.969 r  bhalf_clk_BUFG_inst/O
                         net (fo=30, routed)          1.752     9.721    bhalf_clk_BUFG
    SLICE_X42Y9          SRL16E                                       r  use_SRL16E/CLK
  -------------------------------------------------------------------    -------------------
    SLICE_X42Y9          SRL16E (Prop_srl16e_CLK_Q)
                                                      1.628    11.349 r  use_SRL16E/Q
                         net (fo=29, routed)          2.196    13.546    brst_o_OBUF
    SLICE_X43Y36         FDRE                                         r  blink_cnt_reg[17]/R
  -------------------------------------------------------------------    -------------------

                         (clock bhalf_clk rise edge)
                                                      9.000     9.000 r  
    L16                                               0.000     9.000 r  clk (IN)
                         net (fo=0)                   0.000     9.000    clk
    L16                  IBUF (Prop_ibuf_I_O)         1.421    10.421 r  clk_IBUF_inst/O
                         net (fo=1, routed)           1.880    12.301    clk_IBUF
    BUFGCTRL_X0Y16       BUFG (Prop_bufg_I_O)         0.091    12.392 r  BUFG_clk/O
                         net (fo=2, routed)           1.490    13.882    CLKFBIN
    MMCME2_ADV_X0Y0      MMCME2_ADV (Prop_mmcme2_adv_CLKIN1_CLKOUT0)
                                                      0.433    14.315 r  clk_base/CLKOUT0
                         net (fo=1, routed)           1.599    15.914    bhalf_clk
    BUFGCTRL_X0Y0        BUFG (Prop_bufg_I_O)         0.091    16.005 r  bhalf_clk_BUFG_inst/O
                         net (fo=30, routed)          1.571    17.577    bhalf_clk_BUFG
    SLICE_X43Y36         FDRE                                         r  blink_cnt_reg[17]/C
                         clock pessimism              0.079    17.655    
                         clock uncertainty           -0.069    17.586    
    SLICE_X43Y36         FDRE (Setup_fdre_C_R)       -0.429    17.157    blink_cnt_reg[17]
  -------------------------------------------------------------------
                         required time                         17.157    
                         arrival time                         -13.546    
  -------------------------------------------------------------------
                         slack                                  3.612    

Slack (MET) :             3.612ns  (required time - arrival time)
  Source:                 use_SRL16E/CLK
                            (rising edge-triggered cell SRL16E clocked by bhalf_clk  {rise@1.000ns fall@5.000ns period=8.000ns})
  Destination:            blink_cnt_reg[22]/R
                            (rising edge-triggered cell FDRE clocked by bhalf_clk  {rise@1.000ns fall@5.000ns period=8.000ns})
  Path Group:             bhalf_clk
  Path Type:              Setup (Max at Slow Process Corner)
  Requirement:            8.000ns  (bhalf_clk rise@9.000ns - bhalf_clk rise@1.000ns)
  Data Path Delay:        3.824ns  (logic 1.628ns (42.568%)  route 2.196ns (57.432%))
  Logic Levels:           0  
  Clock Path Skew:        -0.066ns (DCD - SCD + CPR)
    Destination Clock Delay (DCD):    8.577ns = ( 17.577 - 9.000 ) 
    Source Clock Delay      (SCD):    8.721ns = ( 9.721 - 1.000 ) 
    Clock Pessimism Removal (CPR):    0.079ns
  Clock Uncertainty:      0.069ns  ((TSJ^2 + DJ^2)^1/2) / 2 + PE
    Total System Jitter     (TSJ):    0.071ns
    Discrete Jitter          (DJ):    0.118ns
    Phase Error              (PE):    0.000ns

    Location             Delay type                Incr(ns)  Path(ns)    Netlist Resource(s)
  -------------------------------------------------------------------    -------------------
                         (clock bhalf_clk rise edge)
                                                      1.000     1.000 r  
    L16                                               0.000     1.000 r  clk (IN)
                         net (fo=0)                   0.000     1.000    clk
    L16                  IBUF (Prop_ibuf_I_O)         1.491     2.491 r  clk_IBUF_inst/O
                         net (fo=1, routed)           2.076     4.567    clk_IBUF
    BUFGCTRL_X0Y16       BUFG (Prop_bufg_I_O)         0.101     4.668 r  BUFG_clk/O
                         net (fo=2, routed)           1.680     6.348    CLKFBIN
    MMCME2_ADV_X0Y0      MMCME2_ADV (Prop_mmcme2_adv_CLKIN1_CLKOUT0)
                                                     -0.240     6.108 r  clk_base/CLKOUT0
                         net (fo=1, routed)           1.760     7.868    bhalf_clk
    BUFGCTRL_X0Y0        BUFG (Prop_bufg_I_O)         0.101     7.969 r  bhalf_clk_BUFG_inst/O
                         net (fo=30, routed)          1.752     9.721    bhalf_clk_BUFG
    SLICE_X42Y9          SRL16E                                       r  use_SRL16E/CLK
  -------------------------------------------------------------------    -------------------
    SLICE_X42Y9          SRL16E (Prop_srl16e_CLK_Q)
                                                      1.628    11.349 r  use_SRL16E/Q
                         net (fo=29, routed)          2.196    13.546    brst_o_OBUF
    SLICE_X43Y36         FDRE                                         r  blink_cnt_reg[22]/R
  -------------------------------------------------------------------    -------------------

                         (clock bhalf_clk rise edge)
                                                      9.000     9.000 r  
    L16                                               0.000     9.000 r  clk (IN)
                         net (fo=0)                   0.000     9.000    clk
    L16                  IBUF (Prop_ibuf_I_O)         1.421    10.421 r  clk_IBUF_inst/O
                         net (fo=1, routed)           1.880    12.301    clk_IBUF
    BUFGCTRL_X0Y16       BUFG (Prop_bufg_I_O)         0.091    12.392 r  BUFG_clk/O
                         net (fo=2, routed)           1.490    13.882    CLKFBIN
    MMCME2_ADV_X0Y0      MMCME2_ADV (Prop_mmcme2_adv_CLKIN1_CLKOUT0)
                                                      0.433    14.315 r  clk_base/CLKOUT0
                         net (fo=1, routed)           1.599    15.914    bhalf_clk
    BUFGCTRL_X0Y0        BUFG (Prop_bufg_I_O)         0.091    16.005 r  bhalf_clk_BUFG_inst/O
                         net (fo=30, routed)          1.571    17.577    bhalf_clk_BUFG
    SLICE_X43Y36         FDRE                                         r  blink_cnt_reg[22]/C
                         clock pessimism              0.079    17.655    
                         clock uncertainty           -0.069    17.586    
    SLICE_X43Y36         FDRE (Setup_fdre_C_R)       -0.429    17.157    blink_cnt_reg[22]
  -------------------------------------------------------------------
                         required time                         17.157    
                         arrival time                         -13.546    
  -------------------------------------------------------------------
                         slack                                  3.612    

Slack (MET) :             3.612ns  (required time - arrival time)
  Source:                 use_SRL16E/CLK
                            (rising edge-triggered cell SRL16E clocked by bhalf_clk  {rise@1.000ns fall@5.000ns period=8.000ns})
  Destination:            blink_cnt_reg[23]/R
                            (rising edge-triggered cell FDRE clocked by bhalf_clk  {rise@1.000ns fall@5.000ns period=8.000ns})
  Path Group:             bhalf_clk
  Path Type:              Setup (Max at Slow Process Corner)
  Requirement:            8.000ns  (bhalf_clk rise@9.000ns - bhalf_clk rise@1.000ns)
  Data Path Delay:        3.824ns  (logic 1.628ns (42.568%)  route 2.196ns (57.432%))
  Logic Levels:           0  
  Clock Path Skew:        -0.066ns (DCD - SCD + CPR)
    Destination Clock Delay (DCD):    8.577ns = ( 17.577 - 9.000 ) 
    Source Clock Delay      (SCD):    8.721ns = ( 9.721 - 1.000 ) 
    Clock Pessimism Removal (CPR):    0.079ns
  Clock Uncertainty:      0.069ns  ((TSJ^2 + DJ^2)^1/2) / 2 + PE
    Total System Jitter     (TSJ):    0.071ns
    Discrete Jitter          (DJ):    0.118ns
    Phase Error              (PE):    0.000ns

    Location             Delay type                Incr(ns)  Path(ns)    Netlist Resource(s)
  -------------------------------------------------------------------    -------------------
                         (clock bhalf_clk rise edge)
                                                      1.000     1.000 r  
    L16                                               0.000     1.000 r  clk (IN)
                         net (fo=0)                   0.000     1.000    clk
    L16                  IBUF (Prop_ibuf_I_O)         1.491     2.491 r  clk_IBUF_inst/O
                         net (fo=1, routed)           2.076     4.567    clk_IBUF
    BUFGCTRL_X0Y16       BUFG (Prop_bufg_I_O)         0.101     4.668 r  BUFG_clk/O
                         net (fo=2, routed)           1.680     6.348    CLKFBIN
    MMCME2_ADV_X0Y0      MMCME2_ADV (Prop_mmcme2_adv_CLKIN1_CLKOUT0)
                                                     -0.240     6.108 r  clk_base/CLKOUT0
                         net (fo=1, routed)           1.760     7.868    bhalf_clk
    BUFGCTRL_X0Y0        BUFG (Prop_bufg_I_O)         0.101     7.969 r  bhalf_clk_BUFG_inst/O
                         net (fo=30, routed)          1.752     9.721    bhalf_clk_BUFG
    SLICE_X42Y9          SRL16E                                       r  use_SRL16E/CLK
  -------------------------------------------------------------------    -------------------
    SLICE_X42Y9          SRL16E (Prop_srl16e_CLK_Q)
                                                      1.628    11.349 r  use_SRL16E/Q
                         net (fo=29, routed)          2.196    13.546    brst_o_OBUF
    SLICE_X43Y36         FDRE                                         r  blink_cnt_reg[23]/R
  -------------------------------------------------------------------    -------------------

                         (clock bhalf_clk rise edge)
                                                      9.000     9.000 r  
    L16                                               0.000     9.000 r  clk (IN)
                         net (fo=0)                   0.000     9.000    clk
    L16                  IBUF (Prop_ibuf_I_O)         1.421    10.421 r  clk_IBUF_inst/O
                         net (fo=1, routed)           1.880    12.301    clk_IBUF
    BUFGCTRL_X0Y16       BUFG (Prop_bufg_I_O)         0.091    12.392 r  BUFG_clk/O
                         net (fo=2, routed)           1.490    13.882    CLKFBIN
    MMCME2_ADV_X0Y0      MMCME2_ADV (Prop_mmcme2_adv_CLKIN1_CLKOUT0)
                                                      0.433    14.315 r  clk_base/CLKOUT0
                         net (fo=1, routed)           1.599    15.914    bhalf_clk
    BUFGCTRL_X0Y0        BUFG (Prop_bufg_I_O)         0.091    16.005 r  bhalf_clk_BUFG_inst/O
                         net (fo=30, routed)          1.571    17.577    bhalf_clk_BUFG
    SLICE_X43Y36         FDRE                                         r  blink_cnt_reg[23]/C
                         clock pessimism              0.079    17.655    
                         clock uncertainty           -0.069    17.586    
    SLICE_X43Y36         FDRE (Setup_fdre_C_R)       -0.429    17.157    blink_cnt_reg[23]
  -------------------------------------------------------------------
                         required time                         17.157    
                         arrival time                         -13.546    
  -------------------------------------------------------------------
                         slack                                  3.612    

Slack (MET) :             3.612ns  (required time - arrival time)
  Source:                 use_SRL16E/CLK
                            (rising edge-triggered cell SRL16E clocked by bhalf_clk  {rise@1.000ns fall@5.000ns period=8.000ns})
  Destination:            blink_cnt_reg[24]/R
                            (rising edge-triggered cell FDRE clocked by bhalf_clk  {rise@1.000ns fall@5.000ns period=8.000ns})
  Path Group:             bhalf_clk
  Path Type:              Setup (Max at Slow Process Corner)
  Requirement:            8.000ns  (bhalf_clk rise@9.000ns - bhalf_clk rise@1.000ns)
  Data Path Delay:        3.824ns  (logic 1.628ns (42.568%)  route 2.196ns (57.432%))
  Logic Levels:           0  
  Clock Path Skew:        -0.066ns (DCD - SCD + CPR)
    Destination Clock Delay (DCD):    8.577ns = ( 17.577 - 9.000 ) 
    Source Clock Delay      (SCD):    8.721ns = ( 9.721 - 1.000 ) 
    Clock Pessimism Removal (CPR):    0.079ns
  Clock Uncertainty:      0.069ns  ((TSJ^2 + DJ^2)^1/2) / 2 + PE
    Total System Jitter     (TSJ):    0.071ns
    Discrete Jitter          (DJ):    0.118ns
    Phase Error              (PE):    0.000ns

    Location             Delay type                Incr(ns)  Path(ns)    Netlist Resource(s)
  -------------------------------------------------------------------    -------------------
                         (clock bhalf_clk rise edge)
                                                      1.000     1.000 r  
    L16                                               0.000     1.000 r  clk (IN)
                         net (fo=0)                   0.000     1.000    clk
    L16                  IBUF (Prop_ibuf_I_O)         1.491     2.491 r  clk_IBUF_inst/O
                         net (fo=1, routed)           2.076     4.567    clk_IBUF
    BUFGCTRL_X0Y16       BUFG (Prop_bufg_I_O)         0.101     4.668 r  BUFG_clk/O
                         net (fo=2, routed)           1.680     6.348    CLKFBIN
    MMCME2_ADV_X0Y0      MMCME2_ADV (Prop_mmcme2_adv_CLKIN1_CLKOUT0)
                                                     -0.240     6.108 r  clk_base/CLKOUT0
                         net (fo=1, routed)           1.760     7.868    bhalf_clk
    BUFGCTRL_X0Y0        BUFG (Prop_bufg_I_O)         0.101     7.969 r  bhalf_clk_BUFG_inst/O
                         net (fo=30, routed)          1.752     9.721    bhalf_clk_BUFG
    SLICE_X42Y9          SRL16E                                       r  use_SRL16E/CLK
  -------------------------------------------------------------------    -------------------
    SLICE_X42Y9          SRL16E (Prop_srl16e_CLK_Q)
                                                      1.628    11.349 r  use_SRL16E/Q
                         net (fo=29, routed)          2.196    13.546    brst_o_OBUF
    SLICE_X43Y36         FDRE                                         r  blink_cnt_reg[24]/R
  -------------------------------------------------------------------    -------------------

                         (clock bhalf_clk rise edge)
                                                      9.000     9.000 r  
    L16                                               0.000     9.000 r  clk (IN)
                         net (fo=0)                   0.000     9.000    clk
    L16                  IBUF (Prop_ibuf_I_O)         1.421    10.421 r  clk_IBUF_inst/O
                         net (fo=1, routed)           1.880    12.301    clk_IBUF
    BUFGCTRL_X0Y16       BUFG (Prop_bufg_I_O)         0.091    12.392 r  BUFG_clk/O
                         net (fo=2, routed)           1.490    13.882    CLKFBIN
    MMCME2_ADV_X0Y0      MMCME2_ADV (Prop_mmcme2_adv_CLKIN1_CLKOUT0)
                                                      0.433    14.315 r  clk_base/CLKOUT0
                         net (fo=1, routed)           1.599    15.914    bhalf_clk
    BUFGCTRL_X0Y0        BUFG (Prop_bufg_I_O)         0.091    16.005 r  bhalf_clk_BUFG_inst/O
                         net (fo=30, routed)          1.571    17.577    bhalf_clk_BUFG
    SLICE_X43Y36         FDRE                                         r  blink_cnt_reg[24]/C
                         clock pessimism              0.079    17.655    
                         clock uncertainty           -0.069    17.586    
    SLICE_X43Y36         FDRE (Setup_fdre_C_R)       -0.429    17.157    blink_cnt_reg[24]
  -------------------------------------------------------------------
                         required time                         17.157    
                         arrival time                         -13.546    
  -------------------------------------------------------------------
                         slack                                  3.612    

Slack (MET) :             3.902ns  (required time - arrival time)
  Source:                 use_SRL16E/CLK
                            (rising edge-triggered cell SRL16E clocked by bhalf_clk  {rise@1.000ns fall@5.000ns period=8.000ns})
  Destination:            blink_cnt_reg[13]/R
                            (rising edge-triggered cell FDRE clocked by bhalf_clk  {rise@1.000ns fall@5.000ns period=8.000ns})
  Path Group:             bhalf_clk
  Path Type:              Setup (Max at Slow Process Corner)
  Requirement:            8.000ns  (bhalf_clk rise@9.000ns - bhalf_clk rise@1.000ns)
  Data Path Delay:        3.534ns  (logic 1.628ns (46.067%)  route 1.906ns (53.933%))
  Logic Levels:           0  
  Clock Path Skew:        -0.066ns (DCD - SCD + CPR)
    Destination Clock Delay (DCD):    8.577ns = ( 17.577 - 9.000 ) 
    Source Clock Delay      (SCD):    8.721ns = ( 9.721 - 1.000 ) 
    Clock Pessimism Removal (CPR):    0.079ns
  Clock Uncertainty:      0.069ns  ((TSJ^2 + DJ^2)^1/2) / 2 + PE
    Total System Jitter     (TSJ):    0.071ns
    Discrete Jitter          (DJ):    0.118ns
    Phase Error              (PE):    0.000ns

    Location             Delay type                Incr(ns)  Path(ns)    Netlist Resource(s)
  -------------------------------------------------------------------    -------------------
                         (clock bhalf_clk rise edge)
                                                      1.000     1.000 r  
    L16                                               0.000     1.000 r  clk (IN)
                         net (fo=0)                   0.000     1.000    clk
    L16                  IBUF (Prop_ibuf_I_O)         1.491     2.491 r  clk_IBUF_inst/O
                         net (fo=1, routed)           2.076     4.567    clk_IBUF
    BUFGCTRL_X0Y16       BUFG (Prop_bufg_I_O)         0.101     4.668 r  BUFG_clk/O
                         net (fo=2, routed)           1.680     6.348    CLKFBIN
    MMCME2_ADV_X0Y0      MMCME2_ADV (Prop_mmcme2_adv_CLKIN1_CLKOUT0)
                                                     -0.240     6.108 r  clk_base/CLKOUT0
                         net (fo=1, routed)           1.760     7.868    bhalf_clk
    BUFGCTRL_X0Y0        BUFG (Prop_bufg_I_O)         0.101     7.969 r  bhalf_clk_BUFG_inst/O
                         net (fo=30, routed)          1.752     9.721    bhalf_clk_BUFG
    SLICE_X42Y9          SRL16E                                       r  use_SRL16E/CLK
  -------------------------------------------------------------------    -------------------
    SLICE_X42Y9          SRL16E (Prop_srl16e_CLK_Q)
                                                      1.628    11.349 r  use_SRL16E/Q
                         net (fo=29, routed)          1.906    13.255    brst_o_OBUF
    SLICE_X43Y35         FDRE                                         r  blink_cnt_reg[13]/R
  -------------------------------------------------------------------    -------------------

                         (clock bhalf_clk rise edge)
                                                      9.000     9.000 r  
    L16                                               0.000     9.000 r  clk (IN)
                         net (fo=0)                   0.000     9.000    clk
    L16                  IBUF (Prop_ibuf_I_O)         1.421    10.421 r  clk_IBUF_inst/O
                         net (fo=1, routed)           1.880    12.301    clk_IBUF
    BUFGCTRL_X0Y16       BUFG (Prop_bufg_I_O)         0.091    12.392 r  BUFG_clk/O
                         net (fo=2, routed)           1.490    13.882    CLKFBIN
    MMCME2_ADV_X0Y0      MMCME2_ADV (Prop_mmcme2_adv_CLKIN1_CLKOUT0)
                                                      0.433    14.315 r  clk_base/CLKOUT0
                         net (fo=1, routed)           1.599    15.914    bhalf_clk
    BUFGCTRL_X0Y0        BUFG (Prop_bufg_I_O)         0.091    16.005 r  bhalf_clk_BUFG_inst/O
                         net (fo=30, routed)          1.571    17.577    bhalf_clk_BUFG
    SLICE_X43Y35         FDRE                                         r  blink_cnt_reg[13]/C
                         clock pessimism              0.079    17.655    
                         clock uncertainty           -0.069    17.586    
    SLICE_X43Y35         FDRE (Setup_fdre_C_R)       -0.429    17.157    blink_cnt_reg[13]
  -------------------------------------------------------------------
                         required time                         17.157    
                         arrival time                         -13.255    
  -------------------------------------------------------------------
                         slack                                  3.902    

Slack (MET) :             3.902ns  (required time - arrival time)
  Source:                 use_SRL16E/CLK
                            (rising edge-triggered cell SRL16E clocked by bhalf_clk  {rise@1.000ns fall@5.000ns period=8.000ns})
  Destination:            blink_cnt_reg[15]/R
                            (rising edge-triggered cell FDRE clocked by bhalf_clk  {rise@1.000ns fall@5.000ns period=8.000ns})
  Path Group:             bhalf_clk
  Path Type:              Setup (Max at Slow Process Corner)
  Requirement:            8.000ns  (bhalf_clk rise@9.000ns - bhalf_clk rise@1.000ns)
  Data Path Delay:        3.534ns  (logic 1.628ns (46.067%)  route 1.906ns (53.933%))
  Logic Levels:           0  
  Clock Path Skew:        -0.066ns (DCD - SCD + CPR)
    Destination Clock Delay (DCD):    8.577ns = ( 17.577 - 9.000 ) 
    Source Clock Delay      (SCD):    8.721ns = ( 9.721 - 1.000 ) 
    Clock Pessimism Removal (CPR):    0.079ns
  Clock Uncertainty:      0.069ns  ((TSJ^2 + DJ^2)^1/2) / 2 + PE
    Total System Jitter     (TSJ):    0.071ns
    Discrete Jitter          (DJ):    0.118ns
    Phase Error              (PE):    0.000ns

    Location             Delay type                Incr(ns)  Path(ns)    Netlist Resource(s)
  -------------------------------------------------------------------    -------------------
                         (clock bhalf_clk rise edge)
                                                      1.000     1.000 r  
    L16                                               0.000     1.000 r  clk (IN)
                         net (fo=0)                   0.000     1.000    clk
    L16                  IBUF (Prop_ibuf_I_O)         1.491     2.491 r  clk_IBUF_inst/O
                         net (fo=1, routed)           2.076     4.567    clk_IBUF
    BUFGCTRL_X0Y16       BUFG (Prop_bufg_I_O)         0.101     4.668 r  BUFG_clk/O
                         net (fo=2, routed)           1.680     6.348    CLKFBIN
    MMCME2_ADV_X0Y0      MMCME2_ADV (Prop_mmcme2_adv_CLKIN1_CLKOUT0)
                                                     -0.240     6.108 r  clk_base/CLKOUT0
                         net (fo=1, routed)           1.760     7.868    bhalf_clk
    BUFGCTRL_X0Y0        BUFG (Prop_bufg_I_O)         0.101     7.969 r  bhalf_clk_BUFG_inst/O
                         net (fo=30, routed)          1.752     9.721    bhalf_clk_BUFG
    SLICE_X42Y9          SRL16E                                       r  use_SRL16E/CLK
  -------------------------------------------------------------------    -------------------
    SLICE_X42Y9          SRL16E (Prop_srl16e_CLK_Q)
                                                      1.628    11.349 r  use_SRL16E/Q
                         net (fo=29, routed)          1.906    13.255    brst_o_OBUF
    SLICE_X43Y35         FDRE                                         r  blink_cnt_reg[15]/R
  -------------------------------------------------------------------    -------------------

                         (clock bhalf_clk rise edge)
                                                      9.000     9.000 r  
    L16                                               0.000     9.000 r  clk (IN)
                         net (fo=0)                   0.000     9.000    clk
    L16                  IBUF (Prop_ibuf_I_O)         1.421    10.421 r  clk_IBUF_inst/O
                         net (fo=1, routed)           1.880    12.301    clk_IBUF
    BUFGCTRL_X0Y16       BUFG (Prop_bufg_I_O)         0.091    12.392 r  BUFG_clk/O
                         net (fo=2, routed)           1.490    13.882    CLKFBIN
    MMCME2_ADV_X0Y0      MMCME2_ADV (Prop_mmcme2_adv_CLKIN1_CLKOUT0)
                                                      0.433    14.315 r  clk_base/CLKOUT0
                         net (fo=1, routed)           1.599    15.914    bhalf_clk
    BUFGCTRL_X0Y0        BUFG (Prop_bufg_I_O)         0.091    16.005 r  bhalf_clk_BUFG_inst/O
                         net (fo=30, routed)          1.571    17.577    bhalf_clk_BUFG
    SLICE_X43Y35         FDRE                                         r  blink_cnt_reg[15]/C
                         clock pessimism              0.079    17.655    
                         clock uncertainty           -0.069    17.586    
    SLICE_X43Y35         FDRE (Setup_fdre_C_R)       -0.429    17.157    blink_cnt_reg[15]
  -------------------------------------------------------------------
                         required time                         17.157    
                         arrival time                         -13.255    
  -------------------------------------------------------------------
                         slack                                  3.902    

Slack (MET) :             3.902ns  (required time - arrival time)
  Source:                 use_SRL16E/CLK
                            (rising edge-triggered cell SRL16E clocked by bhalf_clk  {rise@1.000ns fall@5.000ns period=8.000ns})
  Destination:            blink_cnt_reg[18]/R
                            (rising edge-triggered cell FDRE clocked by bhalf_clk  {rise@1.000ns fall@5.000ns period=8.000ns})
  Path Group:             bhalf_clk
  Path Type:              Setup (Max at Slow Process Corner)
  Requirement:            8.000ns  (bhalf_clk rise@9.000ns - bhalf_clk rise@1.000ns)
  Data Path Delay:        3.534ns  (logic 1.628ns (46.067%)  route 1.906ns (53.933%))
  Logic Levels:           0  
  Clock Path Skew:        -0.066ns (DCD - SCD + CPR)
    Destination Clock Delay (DCD):    8.577ns = ( 17.577 - 9.000 ) 
    Source Clock Delay      (SCD):    8.721ns = ( 9.721 - 1.000 ) 
    Clock Pessimism Removal (CPR):    0.079ns
  Clock Uncertainty:      0.069ns  ((TSJ^2 + DJ^2)^1/2) / 2 + PE
    Total System Jitter     (TSJ):    0.071ns
    Discrete Jitter          (DJ):    0.118ns
    Phase Error              (PE):    0.000ns

    Location             Delay type                Incr(ns)  Path(ns)    Netlist Resource(s)
  -------------------------------------------------------------------    -------------------
                         (clock bhalf_clk rise edge)
                                                      1.000     1.000 r  
    L16                                               0.000     1.000 r  clk (IN)
                         net (fo=0)                   0.000     1.000    clk
    L16                  IBUF (Prop_ibuf_I_O)         1.491     2.491 r  clk_IBUF_inst/O
                         net (fo=1, routed)           2.076     4.567    clk_IBUF
    BUFGCTRL_X0Y16       BUFG (Prop_bufg_I_O)         0.101     4.668 r  BUFG_clk/O
                         net (fo=2, routed)           1.680     6.348    CLKFBIN
    MMCME2_ADV_X0Y0      MMCME2_ADV (Prop_mmcme2_adv_CLKIN1_CLKOUT0)
                                                     -0.240     6.108 r  clk_base/CLKOUT0
                         net (fo=1, routed)           1.760     7.868    bhalf_clk
    BUFGCTRL_X0Y0        BUFG (Prop_bufg_I_O)         0.101     7.969 r  bhalf_clk_BUFG_inst/O
                         net (fo=30, routed)          1.752     9.721    bhalf_clk_BUFG
    SLICE_X42Y9          SRL16E                                       r  use_SRL16E/CLK
  -------------------------------------------------------------------    -------------------
    SLICE_X42Y9          SRL16E (Prop_srl16e_CLK_Q)
                                                      1.628    11.349 r  use_SRL16E/Q
                         net (fo=29, routed)          1.906    13.255    brst_o_OBUF
    SLICE_X43Y35         FDRE                                         r  blink_cnt_reg[18]/R
  -------------------------------------------------------------------    -------------------

                         (clock bhalf_clk rise edge)
                                                      9.000     9.000 r  
    L16                                               0.000     9.000 r  clk (IN)
                         net (fo=0)                   0.000     9.000    clk
    L16                  IBUF (Prop_ibuf_I_O)         1.421    10.421 r  clk_IBUF_inst/O
                         net (fo=1, routed)           1.880    12.301    clk_IBUF
    BUFGCTRL_X0Y16       BUFG (Prop_bufg_I_O)         0.091    12.392 r  BUFG_clk/O
                         net (fo=2, routed)           1.490    13.882    CLKFBIN
    MMCME2_ADV_X0Y0      MMCME2_ADV (Prop_mmcme2_adv_CLKIN1_CLKOUT0)
                                                      0.433    14.315 r  clk_base/CLKOUT0
                         net (fo=1, routed)           1.599    15.914    bhalf_clk
    BUFGCTRL_X0Y0        BUFG (Prop_bufg_I_O)         0.091    16.005 r  bhalf_clk_BUFG_inst/O
                         net (fo=30, routed)          1.571    17.577    bhalf_clk_BUFG
    SLICE_X43Y35         FDRE                                         r  blink_cnt_reg[18]/C
                         clock pessimism              0.079    17.655    
                         clock uncertainty           -0.069    17.586    
    SLICE_X43Y35         FDRE (Setup_fdre_C_R)       -0.429    17.157    blink_cnt_reg[18]
  -------------------------------------------------------------------
                         required time                         17.157    
                         arrival time                         -13.255    
  -------------------------------------------------------------------
                         slack                                  3.902    

Slack (MET) :             3.902ns  (required time - arrival time)
  Source:                 use_SRL16E/CLK
                            (rising edge-triggered cell SRL16E clocked by bhalf_clk  {rise@1.000ns fall@5.000ns period=8.000ns})
  Destination:            blink_cnt_reg[19]/R
                            (rising edge-triggered cell FDRE clocked by bhalf_clk  {rise@1.000ns fall@5.000ns period=8.000ns})
  Path Group:             bhalf_clk
  Path Type:              Setup (Max at Slow Process Corner)
  Requirement:            8.000ns  (bhalf_clk rise@9.000ns - bhalf_clk rise@1.000ns)
  Data Path Delay:        3.534ns  (logic 1.628ns (46.067%)  route 1.906ns (53.933%))
  Logic Levels:           0  
  Clock Path Skew:        -0.066ns (DCD - SCD + CPR)
    Destination Clock Delay (DCD):    8.577ns = ( 17.577 - 9.000 ) 
    Source Clock Delay      (SCD):    8.721ns = ( 9.721 - 1.000 ) 
    Clock Pessimism Removal (CPR):    0.079ns
  Clock Uncertainty:      0.069ns  ((TSJ^2 + DJ^2)^1/2) / 2 + PE
    Total System Jitter     (TSJ):    0.071ns
    Discrete Jitter          (DJ):    0.118ns
    Phase Error              (PE):    0.000ns

    Location             Delay type                Incr(ns)  Path(ns)    Netlist Resource(s)
  -------------------------------------------------------------------    -------------------
                         (clock bhalf_clk rise edge)
                                                      1.000     1.000 r  
    L16                                               0.000     1.000 r  clk (IN)
                         net (fo=0)                   0.000     1.000    clk
    L16                  IBUF (Prop_ibuf_I_O)         1.491     2.491 r  clk_IBUF_inst/O
                         net (fo=1, routed)           2.076     4.567    clk_IBUF
    BUFGCTRL_X0Y16       BUFG (Prop_bufg_I_O)         0.101     4.668 r  BUFG_clk/O
                         net (fo=2, routed)           1.680     6.348    CLKFBIN
    MMCME2_ADV_X0Y0      MMCME2_ADV (Prop_mmcme2_adv_CLKIN1_CLKOUT0)
                                                     -0.240     6.108 r  clk_base/CLKOUT0
                         net (fo=1, routed)           1.760     7.868    bhalf_clk
    BUFGCTRL_X0Y0        BUFG (Prop_bufg_I_O)         0.101     7.969 r  bhalf_clk_BUFG_inst/O
                         net (fo=30, routed)          1.752     9.721    bhalf_clk_BUFG
    SLICE_X42Y9          SRL16E                                       r  use_SRL16E/CLK
  -------------------------------------------------------------------    -------------------
    SLICE_X42Y9          SRL16E (Prop_srl16e_CLK_Q)
                                                      1.628    11.349 r  use_SRL16E/Q
                         net (fo=29, routed)          1.906    13.255    brst_o_OBUF
    SLICE_X43Y35         FDRE                                         r  blink_cnt_reg[19]/R
  -------------------------------------------------------------------    -------------------

                         (clock bhalf_clk rise edge)
                                                      9.000     9.000 r  
    L16                                               0.000     9.000 r  clk (IN)
                         net (fo=0)                   0.000     9.000    clk
    L16                  IBUF (Prop_ibuf_I_O)         1.421    10.421 r  clk_IBUF_inst/O
                         net (fo=1, routed)           1.880    12.301    clk_IBUF
    BUFGCTRL_X0Y16       BUFG (Prop_bufg_I_O)         0.091    12.392 r  BUFG_clk/O
                         net (fo=2, routed)           1.490    13.882    CLKFBIN
    MMCME2_ADV_X0Y0      MMCME2_ADV (Prop_mmcme2_adv_CLKIN1_CLKOUT0)
                                                      0.433    14.315 r  clk_base/CLKOUT0
                         net (fo=1, routed)           1.599    15.914    bhalf_clk
    BUFGCTRL_X0Y0        BUFG (Prop_bufg_I_O)         0.091    16.005 r  bhalf_clk_BUFG_inst/O
                         net (fo=30, routed)          1.571    17.577    bhalf_clk_BUFG
    SLICE_X43Y35         FDRE                                         r  blink_cnt_reg[19]/C
                         clock pessimism              0.079    17.655    
                         clock uncertainty           -0.069    17.586    
    SLICE_X43Y35         FDRE (Setup_fdre_C_R)       -0.429    17.157    blink_cnt_reg[19]
  -------------------------------------------------------------------
                         required time                         17.157    
                         arrival time                         -13.255    
  -------------------------------------------------------------------
                         slack                                  3.902    





Min Delay Paths
--------------------------------------------------------------------------------------
Slack (MET) :             0.265ns  (arrival time - required time)
  Source:                 led_reg_reg/C
                            (rising edge-triggered cell FDRE clocked by bhalf_clk  {rise@1.000ns fall@5.000ns period=8.000ns})
  Destination:            led_reg_reg/D
                            (rising edge-triggered cell FDRE clocked by bhalf_clk  {rise@1.000ns fall@5.000ns period=8.000ns})
  Path Group:             bhalf_clk
  Path Type:              Hold (Min at Fast Process Corner)
  Requirement:            0.000ns  (bhalf_clk rise@1.000ns - bhalf_clk rise@1.000ns)
  Data Path Delay:        0.356ns  (logic 0.186ns (52.178%)  route 0.170ns (47.822%))
  Logic Levels:           1  (LUT4=1)
  Clock Path Skew:        0.000ns (DCD - SCD - CPR)
    Destination Clock Delay (DCD):    3.126ns = ( 4.126 - 1.000 ) 
    Source Clock Delay      (SCD):    2.810ns = ( 3.810 - 1.000 ) 
    Clock Pessimism Removal (CPR):    0.316ns

    Location             Delay type                Incr(ns)  Path(ns)    Netlist Resource(s)
  -------------------------------------------------------------------    -------------------
                         (clock bhalf_clk rise edge)
                                                      1.000     1.000 r  
    L16                                               0.000     1.000 r  clk (IN)
                         net (fo=0)                   0.000     1.000    clk
    L16                  IBUF (Prop_ibuf_I_O)         0.259     1.259 r  clk_IBUF_inst/O
                         net (fo=1, routed)           0.627     1.886    clk_IBUF
    BUFGCTRL_X0Y16       BUFG (Prop_bufg_I_O)         0.026     1.912 r  BUFG_clk/O
                         net (fo=2, routed)           0.548     2.460    CLKFBIN
    MMCME2_ADV_X0Y0      MMCME2_ADV (Prop_mmcme2_adv_CLKIN1_CLKOUT0)
                                                      0.255     2.715 r  clk_base/CLKOUT0
                         net (fo=1, routed)           0.482     3.197    bhalf_clk
    BUFGCTRL_X0Y0        BUFG (Prop_bufg_I_O)         0.026     3.223 r  bhalf_clk_BUFG_inst/O
                         net (fo=30, routed)          0.588     3.810    bhalf_clk_BUFG
    SLICE_X41Y36         FDRE                                         r  led_reg_reg/C
  -------------------------------------------------------------------    -------------------
    SLICE_X41Y36         FDRE (Prop_fdre_C_Q)         0.141     3.951 r  led_reg_reg/Q
                         net (fo=2, routed)           0.170     4.122    led_o_OBUF
    SLICE_X41Y36         LUT4 (Prop_lut4_I0_O)        0.045     4.167 r  led_reg_i_1/O
                         net (fo=1, routed)           0.000     4.167    led_reg_i_1_n_0
    SLICE_X41Y36         FDRE                                         r  led_reg_reg/D
  -------------------------------------------------------------------    -------------------

                         (clock bhalf_clk rise edge)
                                                      1.000     1.000 r  
    L16                                               0.000     1.000 r  clk (IN)
                         net (fo=0)                   0.000     1.000    clk
    L16                  IBUF (Prop_ibuf_I_O)         0.447     1.447 r  clk_IBUF_inst/O
                         net (fo=1, routed)           0.683     2.130    clk_IBUF
    BUFGCTRL_X0Y16       BUFG (Prop_bufg_I_O)         0.029     2.159 r  BUFG_clk/O
                         net (fo=2, routed)           0.814     2.973    CLKFBIN
    MMCME2_ADV_X0Y0      MMCME2_ADV (Prop_mmcme2_adv_CLKIN1_CLKOUT0)
                                                     -0.260     2.713 r  clk_base/CLKOUT0
                         net (fo=1, routed)           0.528     3.241    bhalf_clk
    BUFGCTRL_X0Y0        BUFG (Prop_bufg_I_O)         0.029     3.270 r  bhalf_clk_BUFG_inst/O
                         net (fo=30, routed)          0.856     4.126    bhalf_clk_BUFG
    SLICE_X41Y36         FDRE                                         r  led_reg_reg/C
                         clock pessimism             -0.316     3.810    
    SLICE_X41Y36         FDRE (Hold_fdre_C_D)         0.091     3.901    led_reg_reg
  -------------------------------------------------------------------
                         required time                         -3.901    
                         arrival time                           4.167    
  -------------------------------------------------------------------
                         slack                                  0.265    

Slack (MET) :             0.338ns  (arrival time - required time)
  Source:                 blink_cnt_reg[0]/C
                            (rising edge-triggered cell FDRE clocked by bhalf_clk  {rise@1.000ns fall@5.000ns period=8.000ns})
  Destination:            blink_cnt_reg[0]/D
                            (rising edge-triggered cell FDRE clocked by bhalf_clk  {rise@1.000ns fall@5.000ns period=8.000ns})
  Path Group:             bhalf_clk
  Path Type:              Hold (Min at Fast Process Corner)
  Requirement:            0.000ns  (bhalf_clk rise@1.000ns - bhalf_clk rise@1.000ns)
  Data Path Delay:        0.431ns  (logic 0.186ns (43.206%)  route 0.245ns (56.794%))
  Logic Levels:           1  (LUT1=1)
  Clock Path Skew:        0.000ns (DCD - SCD - CPR)
    Destination Clock Delay (DCD):    3.124ns = ( 4.124 - 1.000 ) 
    Source Clock Delay      (SCD):    2.809ns = ( 3.809 - 1.000 ) 
    Clock Pessimism Removal (CPR):    0.315ns

    Location             Delay type                Incr(ns)  Path(ns)    Netlist Resource(s)
  -------------------------------------------------------------------    -------------------
                         (clock bhalf_clk rise edge)
                                                      1.000     1.000 r  
    L16                                               0.000     1.000 r  clk (IN)
                         net (fo=0)                   0.000     1.000    clk
    L16                  IBUF (Prop_ibuf_I_O)         0.259     1.259 r  clk_IBUF_inst/O
                         net (fo=1, routed)           0.627     1.886    clk_IBUF
    BUFGCTRL_X0Y16       BUFG (Prop_bufg_I_O)         0.026     1.912 r  BUFG_clk/O
                         net (fo=2, routed)           0.548     2.460    CLKFBIN
    MMCME2_ADV_X0Y0      MMCME2_ADV (Prop_mmcme2_adv_CLKIN1_CLKOUT0)
                                                      0.255     2.715 r  clk_base/CLKOUT0
                         net (fo=1, routed)           0.482     3.197    bhalf_clk
    BUFGCTRL_X0Y0        BUFG (Prop_bufg_I_O)         0.026     3.223 r  bhalf_clk_BUFG_inst/O
                         net (fo=30, routed)          0.587     3.809    bhalf_clk_BUFG
    SLICE_X43Y33         FDRE                                         r  blink_cnt_reg[0]/C
  -------------------------------------------------------------------    -------------------
    SLICE_X43Y33         FDRE (Prop_fdre_C_Q)         0.141     3.950 f  blink_cnt_reg[0]/Q
                         net (fo=3, routed)           0.245     4.195    blink_cnt_reg_n_0_[0]
    SLICE_X43Y33         LUT1 (Prop_lut1_I0_O)        0.045     4.240 r  blink_cnt[0]_i_1/O
                         net (fo=1, routed)           0.000     4.240    blink_cnt[0]
    SLICE_X43Y33         FDRE                                         r  blink_cnt_reg[0]/D
  -------------------------------------------------------------------    -------------------

                         (clock bhalf_clk rise edge)
                                                      1.000     1.000 r  
    L16                                               0.000     1.000 r  clk (IN)
                         net (fo=0)                   0.000     1.000    clk
    L16                  IBUF (Prop_ibuf_I_O)         0.447     1.447 r  clk_IBUF_inst/O
                         net (fo=1, routed)           0.683     2.130    clk_IBUF
    BUFGCTRL_X0Y16       BUFG (Prop_bufg_I_O)         0.029     2.159 r  BUFG_clk/O
                         net (fo=2, routed)           0.814     2.973    CLKFBIN
    MMCME2_ADV_X0Y0      MMCME2_ADV (Prop_mmcme2_adv_CLKIN1_CLKOUT0)
                                                     -0.260     2.713 r  clk_base/CLKOUT0
                         net (fo=1, routed)           0.528     3.241    bhalf_clk
    BUFGCTRL_X0Y0        BUFG (Prop_bufg_I_O)         0.029     3.270 r  bhalf_clk_BUFG_inst/O
                         net (fo=30, routed)          0.854     4.124    bhalf_clk_BUFG
    SLICE_X43Y33         FDRE                                         r  blink_cnt_reg[0]/C
                         clock pessimism             -0.315     3.809    
    SLICE_X43Y33         FDRE (Hold_fdre_C_D)         0.092     3.901    blink_cnt_reg[0]
  -------------------------------------------------------------------
                         required time                         -3.901    
                         arrival time                           4.240    
  -------------------------------------------------------------------
                         slack                                  0.338    

Slack (MET) :             0.508ns  (arrival time - required time)
  Source:                 blink_cnt_reg[16]/C
                            (rising edge-triggered cell FDRE clocked by bhalf_clk  {rise@1.000ns fall@5.000ns period=8.000ns})
  Destination:            blink_cnt_reg[20]/D
                            (rising edge-triggered cell FDRE clocked by bhalf_clk  {rise@1.000ns fall@5.000ns period=8.000ns})
  Path Group:             bhalf_clk
  Path Type:              Hold (Min at Fast Process Corner)
  Requirement:            0.000ns  (bhalf_clk rise@1.000ns - bhalf_clk rise@1.000ns)
  Data Path Delay:        0.629ns  (logic 0.277ns (44.062%)  route 0.352ns (55.938%))
  Logic Levels:           3  (LUT2=1 LUT4=1 LUT6=1)
  Clock Path Skew:        0.014ns (DCD - SCD - CPR)
    Destination Clock Delay (DCD):    3.125ns = ( 4.125 - 1.000 ) 
    Source Clock Delay      (SCD):    2.810ns = ( 3.810 - 1.000 ) 
    Clock Pessimism Removal (CPR):    0.301ns

    Location             Delay type                Incr(ns)  Path(ns)    Netlist Resource(s)
  -------------------------------------------------------------------    -------------------
                         (clock bhalf_clk rise edge)
                                                      1.000     1.000 r  
    L16                                               0.000     1.000 r  clk (IN)
                         net (fo=0)                   0.000     1.000    clk
    L16                  IBUF (Prop_ibuf_I_O)         0.259     1.259 r  clk_IBUF_inst/O
                         net (fo=1, routed)           0.627     1.886    clk_IBUF
    BUFGCTRL_X0Y16       BUFG (Prop_bufg_I_O)         0.026     1.912 r  BUFG_clk/O
                         net (fo=2, routed)           0.548     2.460    CLKFBIN
    MMCME2_ADV_X0Y0      MMCME2_ADV (Prop_mmcme2_adv_CLKIN1_CLKOUT0)
                                                      0.255     2.715 r  clk_base/CLKOUT0
                         net (fo=1, routed)           0.482     3.197    bhalf_clk
    BUFGCTRL_X0Y0        BUFG (Prop_bufg_I_O)         0.026     3.223 r  bhalf_clk_BUFG_inst/O
                         net (fo=30, routed)          0.588     3.810    bhalf_clk_BUFG
    SLICE_X43Y36         FDRE                                         r  blink_cnt_reg[16]/C
  -------------------------------------------------------------------    -------------------
    SLICE_X43Y36         FDRE (Prop_fdre_C_Q)         0.141     3.951 f  blink_cnt_reg[16]/Q
                         net (fo=2, routed)           0.119     4.070    blink_cnt_reg_n_0_[16]
    SLICE_X43Y34         LUT4 (Prop_lut4_I2_O)        0.045     4.115 r  blink_cnt[25]_i_4/O
                         net (fo=1, routed)           0.050     4.165    blink_cnt[25]_i_4_n_0
    SLICE_X43Y34         LUT6 (Prop_lut6_I0_O)        0.045     4.210 r  blink_cnt[25]_i_2/O
                         net (fo=26, routed)          0.183     4.393    blink_cnt[25]_i_2_n_0
    SLICE_X43Y34         LUT2 (Prop_lut2_I0_O)        0.046     4.439 r  blink_cnt[20]_i_1/O
                         net (fo=1, routed)           0.000     4.439    blink_cnt[20]
    SLICE_X43Y34         FDRE                                         r  blink_cnt_reg[20]/D
  -------------------------------------------------------------------    -------------------

                         (clock bhalf_clk rise edge)
                                                      1.000     1.000 r  
    L16                                               0.000     1.000 r  clk (IN)
                         net (fo=0)                   0.000     1.000    clk
    L16                  IBUF (Prop_ibuf_I_O)         0.447     1.447 r  clk_IBUF_inst/O
                         net (fo=1, routed)           0.683     2.130    clk_IBUF
    BUFGCTRL_X0Y16       BUFG (Prop_bufg_I_O)         0.029     2.159 r  BUFG_clk/O
                         net (fo=2, routed)           0.814     2.973    CLKFBIN
    MMCME2_ADV_X0Y0      MMCME2_ADV (Prop_mmcme2_adv_CLKIN1_CLKOUT0)
                                                     -0.260     2.713 r  clk_base/CLKOUT0
                         net (fo=1, routed)           0.528     3.241    bhalf_clk
    BUFGCTRL_X0Y0        BUFG (Prop_bufg_I_O)         0.029     3.270 r  bhalf_clk_BUFG_inst/O
                         net (fo=30, routed)          0.855     4.125    bhalf_clk_BUFG
    SLICE_X43Y34         FDRE                                         r  blink_cnt_reg[20]/C
                         clock pessimism             -0.301     3.824    
    SLICE_X43Y34         FDRE (Hold_fdre_C_D)         0.107     3.931    blink_cnt_reg[20]
  -------------------------------------------------------------------
                         required time                         -3.931    
                         arrival time                           4.439    
  -------------------------------------------------------------------
                         slack                                  0.508    

Slack (MET) :             0.523ns  (arrival time - required time)
  Source:                 blink_cnt_reg[16]/C
                            (rising edge-triggered cell FDRE clocked by bhalf_clk  {rise@1.000ns fall@5.000ns period=8.000ns})
  Destination:            blink_cnt_reg[12]/D
                            (rising edge-triggered cell FDRE clocked by bhalf_clk  {rise@1.000ns fall@5.000ns period=8.000ns})
  Path Group:             bhalf_clk
  Path Type:              Hold (Min at Fast Process Corner)
  Requirement:            0.000ns  (bhalf_clk rise@1.000ns - bhalf_clk rise@1.000ns)
  Data Path Delay:        0.628ns  (logic 0.276ns (43.973%)  route 0.352ns (56.027%))
  Logic Levels:           3  (LUT2=1 LUT4=1 LUT6=1)
  Clock Path Skew:        0.014ns (DCD - SCD - CPR)
    Destination Clock Delay (DCD):    3.125ns = ( 4.125 - 1.000 ) 
    Source Clock Delay      (SCD):    2.810ns = ( 3.810 - 1.000 ) 
    Clock Pessimism Removal (CPR):    0.301ns

    Location             Delay type                Incr(ns)  Path(ns)    Netlist Resource(s)
  -------------------------------------------------------------------    -------------------
                         (clock bhalf_clk rise edge)
                                                      1.000     1.000 r  
    L16                                               0.000     1.000 r  clk (IN)
                         net (fo=0)                   0.000     1.000    clk
    L16                  IBUF (Prop_ibuf_I_O)         0.259     1.259 r  clk_IBUF_inst/O
                         net (fo=1, routed)           0.627     1.886    clk_IBUF
    BUFGCTRL_X0Y16       BUFG (Prop_bufg_I_O)         0.026     1.912 r  BUFG_clk/O
                         net (fo=2, routed)           0.548     2.460    CLKFBIN
    MMCME2_ADV_X0Y0      MMCME2_ADV (Prop_mmcme2_adv_CLKIN1_CLKOUT0)
                                                      0.255     2.715 r  clk_base/CLKOUT0
                         net (fo=1, routed)           0.482     3.197    bhalf_clk
    BUFGCTRL_X0Y0        BUFG (Prop_bufg_I_O)         0.026     3.223 r  bhalf_clk_BUFG_inst/O
                         net (fo=30, routed)          0.588     3.810    bhalf_clk_BUFG
    SLICE_X43Y36         FDRE                                         r  blink_cnt_reg[16]/C
  -------------------------------------------------------------------    -------------------
    SLICE_X43Y36         FDRE (Prop_fdre_C_Q)         0.141     3.951 f  blink_cnt_reg[16]/Q
                         net (fo=2, routed)           0.119     4.070    blink_cnt_reg_n_0_[16]
    SLICE_X43Y34         LUT4 (Prop_lut4_I2_O)        0.045     4.115 r  blink_cnt[25]_i_4/O
                         net (fo=1, routed)           0.050     4.165    blink_cnt[25]_i_4_n_0
    SLICE_X43Y34         LUT6 (Prop_lut6_I0_O)        0.045     4.210 r  blink_cnt[25]_i_2/O
                         net (fo=26, routed)          0.183     4.393    blink_cnt[25]_i_2_n_0
    SLICE_X43Y34         LUT2 (Prop_lut2_I0_O)        0.045     4.438 r  blink_cnt[12]_i_1/O
                         net (fo=1, routed)           0.000     4.438    blink_cnt[12]
    SLICE_X43Y34         FDRE                                         r  blink_cnt_reg[12]/D
  -------------------------------------------------------------------    -------------------

                         (clock bhalf_clk rise edge)
                                                      1.000     1.000 r  
    L16                                               0.000     1.000 r  clk (IN)
                         net (fo=0)                   0.000     1.000    clk
    L16                  IBUF (Prop_ibuf_I_O)         0.447     1.447 r  clk_IBUF_inst/O
                         net (fo=1, routed)           0.683     2.130    clk_IBUF
    BUFGCTRL_X0Y16       BUFG (Prop_bufg_I_O)         0.029     2.159 r  BUFG_clk/O
                         net (fo=2, routed)           0.814     2.973    CLKFBIN
    MMCME2_ADV_X0Y0      MMCME2_ADV (Prop_mmcme2_adv_CLKIN1_CLKOUT0)
                                                     -0.260     2.713 r  clk_base/CLKOUT0
                         net (fo=1, routed)           0.528     3.241    bhalf_clk
    BUFGCTRL_X0Y0        BUFG (Prop_bufg_I_O)         0.029     3.270 r  bhalf_clk_BUFG_inst/O
                         net (fo=30, routed)          0.855     4.125    bhalf_clk_BUFG
    SLICE_X43Y34         FDRE                                         r  blink_cnt_reg[12]/C
                         clock pessimism             -0.301     3.824    
    SLICE_X43Y34         FDRE (Hold_fdre_C_D)         0.091     3.915    blink_cnt_reg[12]
  -------------------------------------------------------------------
                         required time                         -3.915    
                         arrival time                           4.438    
  -------------------------------------------------------------------
                         slack                                  0.523    

Slack (MET) :             0.538ns  (arrival time - required time)
  Source:                 blink_cnt_reg[10]/C
                            (rising edge-triggered cell FDRE clocked by bhalf_clk  {rise@1.000ns fall@5.000ns period=8.000ns})
  Destination:            blink_cnt_reg[10]/D
                            (rising edge-triggered cell FDRE clocked by bhalf_clk  {rise@1.000ns fall@5.000ns period=8.000ns})
  Path Group:             bhalf_clk
  Path Type:              Hold (Min at Fast Process Corner)
  Requirement:            0.000ns  (bhalf_clk rise@1.000ns - bhalf_clk rise@1.000ns)
  Data Path Delay:        0.629ns  (logic 0.360ns (57.262%)  route 0.269ns (42.738%))
  Logic Levels:           2  (CARRY4=1 LUT2=1)
  Clock Path Skew:        0.000ns (DCD - SCD - CPR)
    Destination Clock Delay (DCD):    3.124ns = ( 4.124 - 1.000 ) 
    Source Clock Delay      (SCD):    2.809ns = ( 3.809 - 1.000 ) 
    Clock Pessimism Removal (CPR):    0.315ns

    Location             Delay type                Incr(ns)  Path(ns)    Netlist Resource(s)
  -------------------------------------------------------------------    -------------------
                         (clock bhalf_clk rise edge)
                                                      1.000     1.000 r  
    L16                                               0.000     1.000 r  clk (IN)
                         net (fo=0)                   0.000     1.000    clk
    L16                  IBUF (Prop_ibuf_I_O)         0.259     1.259 r  clk_IBUF_inst/O
                         net (fo=1, routed)           0.627     1.886    clk_IBUF
    BUFGCTRL_X0Y16       BUFG (Prop_bufg_I_O)         0.026     1.912 r  BUFG_clk/O
                         net (fo=2, routed)           0.548     2.460    CLKFBIN
    MMCME2_ADV_X0Y0      MMCME2_ADV (Prop_mmcme2_adv_CLKIN1_CLKOUT0)
                                                      0.255     2.715 r  clk_base/CLKOUT0
                         net (fo=1, routed)           0.482     3.197    bhalf_clk
    BUFGCTRL_X0Y0        BUFG (Prop_bufg_I_O)         0.026     3.223 r  bhalf_clk_BUFG_inst/O
                         net (fo=30, routed)          0.587     3.809    bhalf_clk_BUFG
    SLICE_X43Y33         FDRE                                         r  blink_cnt_reg[10]/C
  -------------------------------------------------------------------    -------------------
    SLICE_X43Y33         FDRE (Prop_fdre_C_Q)         0.141     3.950 r  blink_cnt_reg[10]/Q
                         net (fo=2, routed)           0.127     4.077    blink_cnt_reg_n_0_[10]
    SLICE_X42Y33         CARRY4 (Prop_carry4_S[1]_O[1])
                                                      0.111     4.188 r  blink_cnt_reg[12]_i_2/O[1]
                         net (fo=1, routed)           0.142     4.330    data0[10]
    SLICE_X43Y33         LUT2 (Prop_lut2_I1_O)        0.108     4.438 r  blink_cnt[10]_i_1/O
                         net (fo=1, routed)           0.000     4.438    blink_cnt[10]
    SLICE_X43Y33         FDRE                                         r  blink_cnt_reg[10]/D
  -------------------------------------------------------------------    -------------------

                         (clock bhalf_clk rise edge)
                                                      1.000     1.000 r  
    L16                                               0.000     1.000 r  clk (IN)
                         net (fo=0)                   0.000     1.000    clk
    L16                  IBUF (Prop_ibuf_I_O)         0.447     1.447 r  clk_IBUF_inst/O
                         net (fo=1, routed)           0.683     2.130    clk_IBUF
    BUFGCTRL_X0Y16       BUFG (Prop_bufg_I_O)         0.029     2.159 r  BUFG_clk/O
                         net (fo=2, routed)           0.814     2.973    CLKFBIN
    MMCME2_ADV_X0Y0      MMCME2_ADV (Prop_mmcme2_adv_CLKIN1_CLKOUT0)
                                                     -0.260     2.713 r  clk_base/CLKOUT0
                         net (fo=1, routed)           0.528     3.241    bhalf_clk
    BUFGCTRL_X0Y0        BUFG (Prop_bufg_I_O)         0.029     3.270 r  bhalf_clk_BUFG_inst/O
                         net (fo=30, routed)          0.854     4.124    bhalf_clk_BUFG
    SLICE_X43Y33         FDRE                                         r  blink_cnt_reg[10]/C
                         clock pessimism             -0.315     3.809    
    SLICE_X43Y33         FDRE (Hold_fdre_C_D)         0.091     3.900    blink_cnt_reg[10]
  -------------------------------------------------------------------
                         required time                         -3.900    
                         arrival time                           4.438    
  -------------------------------------------------------------------
                         slack                                  0.538    

Slack (MET) :             0.570ns  (arrival time - required time)
  Source:                 blink_cnt_reg[16]/C
                            (rising edge-triggered cell FDRE clocked by bhalf_clk  {rise@1.000ns fall@5.000ns period=8.000ns})
  Destination:            blink_cnt_reg[9]/D
                            (rising edge-triggered cell FDRE clocked by bhalf_clk  {rise@1.000ns fall@5.000ns period=8.000ns})
  Path Group:             bhalf_clk
  Path Type:              Hold (Min at Fast Process Corner)
  Requirement:            0.000ns  (bhalf_clk rise@1.000ns - bhalf_clk rise@1.000ns)
  Data Path Delay:        0.690ns  (logic 0.276ns (40.015%)  route 0.414ns (59.985%))
  Logic Levels:           3  (LUT2=1 LUT4=1 LUT6=1)
  Clock Path Skew:        0.013ns (DCD - SCD - CPR)
    Destination Clock Delay (DCD):    3.124ns = ( 4.124 - 1.000 ) 
    Source Clock Delay      (SCD):    2.810ns = ( 3.810 - 1.000 ) 
    Clock Pessimism Removal (CPR):    0.301ns

    Location             Delay type                Incr(ns)  Path(ns)    Netlist Resource(s)
  -------------------------------------------------------------------    -------------------
                         (clock bhalf_clk rise edge)
                                                      1.000     1.000 r  
    L16                                               0.000     1.000 r  clk (IN)
                         net (fo=0)                   0.000     1.000    clk
    L16                  IBUF (Prop_ibuf_I_O)         0.259     1.259 r  clk_IBUF_inst/O
                         net (fo=1, routed)           0.627     1.886    clk_IBUF
    BUFGCTRL_X0Y16       BUFG (Prop_bufg_I_O)         0.026     1.912 r  BUFG_clk/O
                         net (fo=2, routed)           0.548     2.460    CLKFBIN
    MMCME2_ADV_X0Y0      MMCME2_ADV (Prop_mmcme2_adv_CLKIN1_CLKOUT0)
                                                      0.255     2.715 r  clk_base/CLKOUT0
                         net (fo=1, routed)           0.482     3.197    bhalf_clk
    BUFGCTRL_X0Y0        BUFG (Prop_bufg_I_O)         0.026     3.223 r  bhalf_clk_BUFG_inst/O
                         net (fo=30, routed)          0.588     3.810    bhalf_clk_BUFG
    SLICE_X43Y36         FDRE                                         r  blink_cnt_reg[16]/C
  -------------------------------------------------------------------    -------------------
    SLICE_X43Y36         FDRE (Prop_fdre_C_Q)         0.141     3.951 f  blink_cnt_reg[16]/Q
                         net (fo=2, routed)           0.119     4.070    blink_cnt_reg_n_0_[16]
    SLICE_X43Y34         LUT4 (Prop_lut4_I2_O)        0.045     4.115 r  blink_cnt[25]_i_4/O
                         net (fo=1, routed)           0.050     4.165    blink_cnt[25]_i_4_n_0
    SLICE_X43Y34         LUT6 (Prop_lut6_I0_O)        0.045     4.210 r  blink_cnt[25]_i_2/O
                         net (fo=26, routed)          0.245     4.455    blink_cnt[25]_i_2_n_0
    SLICE_X43Y33         LUT2 (Prop_lut2_I0_O)        0.045     4.500 r  blink_cnt[9]_i_1/O
                         net (fo=1, routed)           0.000     4.500    blink_cnt[9]
    SLICE_X43Y33         FDRE                                         r  blink_cnt_reg[9]/D
  -------------------------------------------------------------------    -------------------

                         (clock bhalf_clk rise edge)
                                                      1.000     1.000 r  
    L16                                               0.000     1.000 r  clk (IN)
                         net (fo=0)                   0.000     1.000    clk
    L16                  IBUF (Prop_ibuf_I_O)         0.447     1.447 r  clk_IBUF_inst/O
                         net (fo=1, routed)           0.683     2.130    clk_IBUF
    BUFGCTRL_X0Y16       BUFG (Prop_bufg_I_O)         0.029     2.159 r  BUFG_clk/O
                         net (fo=2, routed)           0.814     2.973    CLKFBIN
    MMCME2_ADV_X0Y0      MMCME2_ADV (Prop_mmcme2_adv_CLKIN1_CLKOUT0)
                                                     -0.260     2.713 r  clk_base/CLKOUT0
                         net (fo=1, routed)           0.528     3.241    bhalf_clk
    BUFGCTRL_X0Y0        BUFG (Prop_bufg_I_O)         0.029     3.270 r  bhalf_clk_BUFG_inst/O
                         net (fo=30, routed)          0.854     4.124    bhalf_clk_BUFG
    SLICE_X43Y33         FDRE                                         r  blink_cnt_reg[9]/C
                         clock pessimism             -0.301     3.823    
    SLICE_X43Y33         FDRE (Hold_fdre_C_D)         0.107     3.930    blink_cnt_reg[9]
  -------------------------------------------------------------------
                         required time                         -3.930    
                         arrival time                           4.500    
  -------------------------------------------------------------------
                         slack                                  0.570    

Slack (MET) :             0.571ns  (arrival time - required time)
  Source:                 blink_cnt_reg[16]/C
                            (rising edge-triggered cell FDRE clocked by bhalf_clk  {rise@1.000ns fall@5.000ns period=8.000ns})
  Destination:            blink_cnt_reg[11]/D
                            (rising edge-triggered cell FDRE clocked by bhalf_clk  {rise@1.000ns fall@5.000ns period=8.000ns})
  Path Group:             bhalf_clk
  Path Type:              Hold (Min at Fast Process Corner)
  Requirement:            0.000ns  (bhalf_clk rise@1.000ns - bhalf_clk rise@1.000ns)
  Data Path Delay:        0.691ns  (logic 0.277ns (40.102%)  route 0.414ns (59.898%))
  Logic Levels:           3  (LUT2=1 LUT4=1 LUT6=1)
  Clock Path Skew:        0.013ns (DCD - SCD - CPR)
    Destination Clock Delay (DCD):    3.124ns = ( 4.124 - 1.000 ) 
    Source Clock Delay      (SCD):    2.810ns = ( 3.810 - 1.000 ) 
    Clock Pessimism Removal (CPR):    0.301ns

    Location             Delay type                Incr(ns)  Path(ns)    Netlist Resource(s)
  -------------------------------------------------------------------    -------------------
                         (clock bhalf_clk rise edge)
                                                      1.000     1.000 r  
    L16                                               0.000     1.000 r  clk (IN)
                         net (fo=0)                   0.000     1.000    clk
    L16                  IBUF (Prop_ibuf_I_O)         0.259     1.259 r  clk_IBUF_inst/O
                         net (fo=1, routed)           0.627     1.886    clk_IBUF
    BUFGCTRL_X0Y16       BUFG (Prop_bufg_I_O)         0.026     1.912 r  BUFG_clk/O
                         net (fo=2, routed)           0.548     2.460    CLKFBIN
    MMCME2_ADV_X0Y0      MMCME2_ADV (Prop_mmcme2_adv_CLKIN1_CLKOUT0)
                                                      0.255     2.715 r  clk_base/CLKOUT0
                         net (fo=1, routed)           0.482     3.197    bhalf_clk
    BUFGCTRL_X0Y0        BUFG (Prop_bufg_I_O)         0.026     3.223 r  bhalf_clk_BUFG_inst/O
                         net (fo=30, routed)          0.588     3.810    bhalf_clk_BUFG
    SLICE_X43Y36         FDRE                                         r  blink_cnt_reg[16]/C
  -------------------------------------------------------------------    -------------------
    SLICE_X43Y36         FDRE (Prop_fdre_C_Q)         0.141     3.951 f  blink_cnt_reg[16]/Q
                         net (fo=2, routed)           0.119     4.070    blink_cnt_reg_n_0_[16]
    SLICE_X43Y34         LUT4 (Prop_lut4_I2_O)        0.045     4.115 r  blink_cnt[25]_i_4/O
                         net (fo=1, routed)           0.050     4.165    blink_cnt[25]_i_4_n_0
    SLICE_X43Y34         LUT6 (Prop_lut6_I0_O)        0.045     4.210 r  blink_cnt[25]_i_2/O
                         net (fo=26, routed)          0.245     4.455    blink_cnt[25]_i_2_n_0
    SLICE_X43Y33         LUT2 (Prop_lut2_I0_O)        0.046     4.501 r  blink_cnt[11]_i_1/O
                         net (fo=1, routed)           0.000     4.501    blink_cnt[11]
    SLICE_X43Y33         FDRE                                         r  blink_cnt_reg[11]/D
  -------------------------------------------------------------------    -------------------

                         (clock bhalf_clk rise edge)
                                                      1.000     1.000 r  
    L16                                               0.000     1.000 r  clk (IN)
                         net (fo=0)                   0.000     1.000    clk
    L16                  IBUF (Prop_ibuf_I_O)         0.447     1.447 r  clk_IBUF_inst/O
                         net (fo=1, routed)           0.683     2.130    clk_IBUF
    BUFGCTRL_X0Y16       BUFG (Prop_bufg_I_O)         0.029     2.159 r  BUFG_clk/O
                         net (fo=2, routed)           0.814     2.973    CLKFBIN
    MMCME2_ADV_X0Y0      MMCME2_ADV (Prop_mmcme2_adv_CLKIN1_CLKOUT0)
                                                     -0.260     2.713 r  clk_base/CLKOUT0
                         net (fo=1, routed)           0.528     3.241    bhalf_clk
    BUFGCTRL_X0Y0        BUFG (Prop_bufg_I_O)         0.029     3.270 r  bhalf_clk_BUFG_inst/O
                         net (fo=30, routed)          0.854     4.124    bhalf_clk_BUFG
    SLICE_X43Y33         FDRE                                         r  blink_cnt_reg[11]/C
                         clock pessimism             -0.301     3.823    
    SLICE_X43Y33         FDRE (Hold_fdre_C_D)         0.107     3.930    blink_cnt_reg[11]
  -------------------------------------------------------------------
                         required time                         -3.930    
                         arrival time                           4.501    
  -------------------------------------------------------------------
                         slack                                  0.571    

Slack (MET) :             0.583ns  (arrival time - required time)
  Source:                 blink_cnt_reg[16]/C
                            (rising edge-triggered cell FDRE clocked by bhalf_clk  {rise@1.000ns fall@5.000ns period=8.000ns})
  Destination:            blink_cnt_reg[1]/D
                            (rising edge-triggered cell FDRE clocked by bhalf_clk  {rise@1.000ns fall@5.000ns period=8.000ns})
  Path Group:             bhalf_clk
  Path Type:              Hold (Min at Fast Process Corner)
  Requirement:            0.000ns  (bhalf_clk rise@1.000ns - bhalf_clk rise@1.000ns)
  Data Path Delay:        0.686ns  (logic 0.276ns (40.219%)  route 0.410ns (59.781%))
  Logic Levels:           3  (LUT2=1 LUT4=1 LUT6=1)
  Clock Path Skew:        0.011ns (DCD - SCD - CPR)
    Destination Clock Delay (DCD):    3.122ns = ( 4.122 - 1.000 ) 
    Source Clock Delay      (SCD):    2.810ns = ( 3.810 - 1.000 ) 
    Clock Pessimism Removal (CPR):    0.301ns

    Location             Delay type                Incr(ns)  Path(ns)    Netlist Resource(s)
  -------------------------------------------------------------------    -------------------
                         (clock bhalf_clk rise edge)
                                                      1.000     1.000 r  
    L16                                               0.000     1.000 r  clk (IN)
                         net (fo=0)                   0.000     1.000    clk
    L16                  IBUF (Prop_ibuf_I_O)         0.259     1.259 r  clk_IBUF_inst/O
                         net (fo=1, routed)           0.627     1.886    clk_IBUF
    BUFGCTRL_X0Y16       BUFG (Prop_bufg_I_O)         0.026     1.912 r  BUFG_clk/O
                         net (fo=2, routed)           0.548     2.460    CLKFBIN
    MMCME2_ADV_X0Y0      MMCME2_ADV (Prop_mmcme2_adv_CLKIN1_CLKOUT0)
                                                      0.255     2.715 r  clk_base/CLKOUT0
                         net (fo=1, routed)           0.482     3.197    bhalf_clk
    BUFGCTRL_X0Y0        BUFG (Prop_bufg_I_O)         0.026     3.223 r  bhalf_clk_BUFG_inst/O
                         net (fo=30, routed)          0.588     3.810    bhalf_clk_BUFG
    SLICE_X43Y36         FDRE                                         r  blink_cnt_reg[16]/C
  -------------------------------------------------------------------    -------------------
    SLICE_X43Y36         FDRE (Prop_fdre_C_Q)         0.141     3.951 f  blink_cnt_reg[16]/Q
                         net (fo=2, routed)           0.119     4.070    blink_cnt_reg_n_0_[16]
    SLICE_X43Y34         LUT4 (Prop_lut4_I2_O)        0.045     4.115 r  blink_cnt[25]_i_4/O
                         net (fo=1, routed)           0.050     4.165    blink_cnt[25]_i_4_n_0
    SLICE_X43Y34         LUT6 (Prop_lut6_I0_O)        0.045     4.210 r  blink_cnt[25]_i_2/O
                         net (fo=26, routed)          0.241     4.451    blink_cnt[25]_i_2_n_0
    SLICE_X43Y31         LUT2 (Prop_lut2_I0_O)        0.045     4.496 r  blink_cnt[1]_i_1/O
                         net (fo=1, routed)           0.000     4.496    blink_cnt[1]
    SLICE_X43Y31         FDRE                                         r  blink_cnt_reg[1]/D
  -------------------------------------------------------------------    -------------------

                         (clock bhalf_clk rise edge)
                                                      1.000     1.000 r  
    L16                                               0.000     1.000 r  clk (IN)
                         net (fo=0)                   0.000     1.000    clk
    L16                  IBUF (Prop_ibuf_I_O)         0.447     1.447 r  clk_IBUF_inst/O
                         net (fo=1, routed)           0.683     2.130    clk_IBUF
    BUFGCTRL_X0Y16       BUFG (Prop_bufg_I_O)         0.029     2.159 r  BUFG_clk/O
                         net (fo=2, routed)           0.814     2.973    CLKFBIN
    MMCME2_ADV_X0Y0      MMCME2_ADV (Prop_mmcme2_adv_CLKIN1_CLKOUT0)
                                                     -0.260     2.713 r  clk_base/CLKOUT0
                         net (fo=1, routed)           0.528     3.241    bhalf_clk
    BUFGCTRL_X0Y0        BUFG (Prop_bufg_I_O)         0.029     3.270 r  bhalf_clk_BUFG_inst/O
                         net (fo=30, routed)          0.852     4.122    bhalf_clk_BUFG
    SLICE_X43Y31         FDRE                                         r  blink_cnt_reg[1]/C
                         clock pessimism             -0.301     3.821    
    SLICE_X43Y31         FDRE (Hold_fdre_C_D)         0.092     3.913    blink_cnt_reg[1]
  -------------------------------------------------------------------
                         required time                         -3.913    
                         arrival time                           4.496    
  -------------------------------------------------------------------
                         slack                                  0.583    

Slack (MET) :             0.585ns  (arrival time - required time)
  Source:                 blink_cnt_reg[16]/C
                            (rising edge-triggered cell FDRE clocked by bhalf_clk  {rise@1.000ns fall@5.000ns period=8.000ns})
  Destination:            blink_cnt_reg[8]/D
                            (rising edge-triggered cell FDRE clocked by bhalf_clk  {rise@1.000ns fall@5.000ns period=8.000ns})
  Path Group:             bhalf_clk
  Path Type:              Hold (Min at Fast Process Corner)
  Requirement:            0.000ns  (bhalf_clk rise@1.000ns - bhalf_clk rise@1.000ns)
  Data Path Delay:        0.690ns  (logic 0.276ns (40.015%)  route 0.414ns (59.985%))
  Logic Levels:           3  (LUT2=1 LUT4=1 LUT6=1)
  Clock Path Skew:        0.013ns (DCD - SCD - CPR)
    Destination Clock Delay (DCD):    3.124ns = ( 4.124 - 1.000 ) 
    Source Clock Delay      (SCD):    2.810ns = ( 3.810 - 1.000 ) 
    Clock Pessimism Removal (CPR):    0.301ns

    Location             Delay type                Incr(ns)  Path(ns)    Netlist Resource(s)
  -------------------------------------------------------------------    -------------------
                         (clock bhalf_clk rise edge)
                                                      1.000     1.000 r  
    L16                                               0.000     1.000 r  clk (IN)
                         net (fo=0)                   0.000     1.000    clk
    L16                  IBUF (Prop_ibuf_I_O)         0.259     1.259 r  clk_IBUF_inst/O
                         net (fo=1, routed)           0.627     1.886    clk_IBUF
    BUFGCTRL_X0Y16       BUFG (Prop_bufg_I_O)         0.026     1.912 r  BUFG_clk/O
                         net (fo=2, routed)           0.548     2.460    CLKFBIN
    MMCME2_ADV_X0Y0      MMCME2_ADV (Prop_mmcme2_adv_CLKIN1_CLKOUT0)
                                                      0.255     2.715 r  clk_base/CLKOUT0
                         net (fo=1, routed)           0.482     3.197    bhalf_clk
    BUFGCTRL_X0Y0        BUFG (Prop_bufg_I_O)         0.026     3.223 r  bhalf_clk_BUFG_inst/O
                         net (fo=30, routed)          0.588     3.810    bhalf_clk_BUFG
    SLICE_X43Y36         FDRE                                         r  blink_cnt_reg[16]/C
  -------------------------------------------------------------------    -------------------
    SLICE_X43Y36         FDRE (Prop_fdre_C_Q)         0.141     3.951 f  blink_cnt_reg[16]/Q
                         net (fo=2, routed)           0.119     4.070    blink_cnt_reg_n_0_[16]
    SLICE_X43Y34         LUT4 (Prop_lut4_I2_O)        0.045     4.115 r  blink_cnt[25]_i_4/O
                         net (fo=1, routed)           0.050     4.165    blink_cnt[25]_i_4_n_0
    SLICE_X43Y34         LUT6 (Prop_lut6_I0_O)        0.045     4.210 r  blink_cnt[25]_i_2/O
                         net (fo=26, routed)          0.245     4.455    blink_cnt[25]_i_2_n_0
    SLICE_X43Y33         LUT2 (Prop_lut2_I0_O)        0.045     4.500 r  blink_cnt[8]_i_1/O
                         net (fo=1, routed)           0.000     4.500    blink_cnt[8]
    SLICE_X43Y33         FDRE                                         r  blink_cnt_reg[8]/D
  -------------------------------------------------------------------    -------------------

                         (clock bhalf_clk rise edge)
                                                      1.000     1.000 r  
    L16                                               0.000     1.000 r  clk (IN)
                         net (fo=0)                   0.000     1.000    clk
    L16                  IBUF (Prop_ibuf_I_O)         0.447     1.447 r  clk_IBUF_inst/O
                         net (fo=1, routed)           0.683     2.130    clk_IBUF
    BUFGCTRL_X0Y16       BUFG (Prop_bufg_I_O)         0.029     2.159 r  BUFG_clk/O
                         net (fo=2, routed)           0.814     2.973    CLKFBIN
    MMCME2_ADV_X0Y0      MMCME2_ADV (Prop_mmcme2_adv_CLKIN1_CLKOUT0)
                                                     -0.260     2.713 r  clk_base/CLKOUT0
                         net (fo=1, routed)           0.528     3.241    bhalf_clk
    BUFGCTRL_X0Y0        BUFG (Prop_bufg_I_O)         0.029     3.270 r  bhalf_clk_BUFG_inst/O
                         net (fo=30, routed)          0.854     4.124    bhalf_clk_BUFG
    SLICE_X43Y33         FDRE                                         r  blink_cnt_reg[8]/C
                         clock pessimism             -0.301     3.823    
    SLICE_X43Y33         FDRE (Hold_fdre_C_D)         0.092     3.915    blink_cnt_reg[8]
  -------------------------------------------------------------------
                         required time                         -3.915    
                         arrival time                           4.500    
  -------------------------------------------------------------------
                         slack                                  0.585    

Slack (MET) :             0.587ns  (arrival time - required time)
  Source:                 blink_cnt_reg[16]/C
                            (rising edge-triggered cell FDRE clocked by bhalf_clk  {rise@1.000ns fall@5.000ns period=8.000ns})
  Destination:            blink_cnt_reg[7]/D
                            (rising edge-triggered cell FDRE clocked by bhalf_clk  {rise@1.000ns fall@5.000ns period=8.000ns})
  Path Group:             bhalf_clk
  Path Type:              Hold (Min at Fast Process Corner)
  Requirement:            0.000ns  (bhalf_clk rise@1.000ns - bhalf_clk rise@1.000ns)
  Data Path Delay:        0.706ns  (logic 0.276ns (39.084%)  route 0.430ns (60.916%))
  Logic Levels:           3  (LUT2=1 LUT4=1 LUT6=1)
  Clock Path Skew:        0.012ns (DCD - SCD - CPR)
    Destination Clock Delay (DCD):    3.123ns = ( 4.123 - 1.000 ) 
    Source Clock Delay      (SCD):    2.810ns = ( 3.810 - 1.000 ) 
    Clock Pessimism Removal (CPR):    0.301ns

    Location             Delay type                Incr(ns)  Path(ns)    Netlist Resource(s)
  -------------------------------------------------------------------    -------------------
                         (clock bhalf_clk rise edge)
                                                      1.000     1.000 r  
    L16                                               0.000     1.000 r  clk (IN)
                         net (fo=0)                   0.000     1.000    clk
    L16                  IBUF (Prop_ibuf_I_O)         0.259     1.259 r  clk_IBUF_inst/O
                         net (fo=1, routed)           0.627     1.886    clk_IBUF
    BUFGCTRL_X0Y16       BUFG (Prop_bufg_I_O)         0.026     1.912 r  BUFG_clk/O
                         net (fo=2, routed)           0.548     2.460    CLKFBIN
    MMCME2_ADV_X0Y0      MMCME2_ADV (Prop_mmcme2_adv_CLKIN1_CLKOUT0)
                                                      0.255     2.715 r  clk_base/CLKOUT0
                         net (fo=1, routed)           0.482     3.197    bhalf_clk
    BUFGCTRL_X0Y0        BUFG (Prop_bufg_I_O)         0.026     3.223 r  bhalf_clk_BUFG_inst/O
                         net (fo=30, routed)          0.588     3.810    bhalf_clk_BUFG
    SLICE_X43Y36         FDRE                                         r  blink_cnt_reg[16]/C
  -------------------------------------------------------------------    -------------------
    SLICE_X43Y36         FDRE (Prop_fdre_C_Q)         0.141     3.951 f  blink_cnt_reg[16]/Q
                         net (fo=2, routed)           0.119     4.070    blink_cnt_reg_n_0_[16]
    SLICE_X43Y34         LUT4 (Prop_lut4_I2_O)        0.045     4.115 r  blink_cnt[25]_i_4/O
                         net (fo=1, routed)           0.050     4.165    blink_cnt[25]_i_4_n_0
    SLICE_X43Y34         LUT6 (Prop_lut6_I0_O)        0.045     4.210 r  blink_cnt[25]_i_2/O
                         net (fo=26, routed)          0.261     4.471    blink_cnt[25]_i_2_n_0
    SLICE_X43Y32         LUT2 (Prop_lut2_I0_O)        0.045     4.516 r  blink_cnt[7]_i_1/O
                         net (fo=1, routed)           0.000     4.516    blink_cnt[7]
    SLICE_X43Y32         FDRE                                         r  blink_cnt_reg[7]/D
  -------------------------------------------------------------------    -------------------

                         (clock bhalf_clk rise edge)
                                                      1.000     1.000 r  
    L16                                               0.000     1.000 r  clk (IN)
                         net (fo=0)                   0.000     1.000    clk
    L16                  IBUF (Prop_ibuf_I_O)         0.447     1.447 r  clk_IBUF_inst/O
                         net (fo=1, routed)           0.683     2.130    clk_IBUF
    BUFGCTRL_X0Y16       BUFG (Prop_bufg_I_O)         0.029     2.159 r  BUFG_clk/O
                         net (fo=2, routed)           0.814     2.973    CLKFBIN
    MMCME2_ADV_X0Y0      MMCME2_ADV (Prop_mmcme2_adv_CLKIN1_CLKOUT0)
                                                     -0.260     2.713 r  clk_base/CLKOUT0
                         net (fo=1, routed)           0.528     3.241    bhalf_clk
    BUFGCTRL_X0Y0        BUFG (Prop_bufg_I_O)         0.029     3.270 r  bhalf_clk_BUFG_inst/O
                         net (fo=30, routed)          0.853     4.123    bhalf_clk_BUFG
    SLICE_X43Y32         FDRE                                         r  blink_cnt_reg[7]/C
                         clock pessimism             -0.301     3.822    
    SLICE_X43Y32         FDRE (Hold_fdre_C_D)         0.107     3.929    blink_cnt_reg[7]
  -------------------------------------------------------------------
                         required time                         -3.929    
                         arrival time                           4.516    
  -------------------------------------------------------------------
                         slack                                  0.587    





Pulse Width Checks
--------------------------------------------------------------------------------------
Clock Name:         bhalf_clk
Waveform(ns):       { 1.000 5.000 }
Period(ns):         8.000
Sources:            { clk_base/CLKOUT0 }

Check Type        Corner  Lib Pin             Reference Pin  Required(ns)  Actual(ns)  Slack(ns)  Location         Pin
Min Period        n/a     BUFG/I              n/a            2.155         8.000       5.845      BUFGCTRL_X0Y0    bhalf_clk_BUFG_inst/I
Min Period        n/a     MMCME2_ADV/CLKOUT0  n/a            1.249         8.000       6.751      MMCME2_ADV_X0Y0  clk_base/CLKOUT0
Min Period        n/a     FDRE/C              n/a            1.000         8.000       7.000      SLICE_X43Y33     blink_cnt_reg[0]/C
Min Period        n/a     FDRE/C              n/a            1.000         8.000       7.000      SLICE_X43Y33     blink_cnt_reg[10]/C
Min Period        n/a     FDRE/C              n/a            1.000         8.000       7.000      SLICE_X43Y33     blink_cnt_reg[11]/C
Min Period        n/a     FDRE/C              n/a            1.000         8.000       7.000      SLICE_X43Y34     blink_cnt_reg[12]/C
Min Period        n/a     FDRE/C              n/a            1.000         8.000       7.000      SLICE_X43Y35     blink_cnt_reg[13]/C
Min Period        n/a     FDRE/C              n/a            1.000         8.000       7.000      SLICE_X43Y36     blink_cnt_reg[14]/C
Min Period        n/a     FDRE/C              n/a            1.000         8.000       7.000      SLICE_X43Y35     blink_cnt_reg[15]/C
Min Period        n/a     FDRE/C              n/a            1.000         8.000       7.000      SLICE_X43Y36     blink_cnt_reg[16]/C
Max Period        n/a     MMCME2_ADV/CLKOUT0  n/a            213.360       8.000       205.360    MMCME2_ADV_X0Y0  clk_base/CLKOUT0
Low Pulse Width   Slow    SRL16E/CLK          n/a            0.980         4.000       3.020      SLICE_X42Y9      use_SRL16E/CLK
Low Pulse Width   Fast    SRL16E/CLK          n/a            0.980         4.000       3.020      SLICE_X42Y9      use_SRL16E/CLK
Low Pulse Width   Slow    FDRE/C              n/a            0.500         4.000       3.500      SLICE_X43Y34     blink_cnt_reg[12]/C
Low Pulse Width   Slow    FDRE/C              n/a            0.500         4.000       3.500      SLICE_X43Y31     blink_cnt_reg[1]/C
Low Pulse Width   Fast    FDRE/C              n/a            0.500         4.000       3.500      SLICE_X43Y31     blink_cnt_reg[1]/C
Low Pulse Width   Slow    FDRE/C              n/a            0.500         4.000       3.500      SLICE_X43Y34     blink_cnt_reg[20]/C
Low Pulse Width   Slow    FDRE/C              n/a            0.500         4.000       3.500      SLICE_X43Y31     blink_cnt_reg[2]/C
Low Pulse Width   Fast    FDRE/C              n/a            0.500         4.000       3.500      SLICE_X43Y31     blink_cnt_reg[2]/C
Low Pulse Width   Slow    FDRE/C              n/a            0.500         4.000       3.500      SLICE_X43Y31     blink_cnt_reg[3]/C
Low Pulse Width   Fast    FDRE/C              n/a            0.500         4.000       3.500      SLICE_X43Y31     blink_cnt_reg[3]/C
High Pulse Width  Slow    SRL16E/CLK          n/a            0.980         4.000       3.020      SLICE_X42Y9      use_SRL16E/CLK
High Pulse Width  Fast    SRL16E/CLK          n/a            0.980         4.000       3.020      SLICE_X42Y9      use_SRL16E/CLK
High Pulse Width  Fast    FDRE/C              n/a            0.500         4.000       3.500      SLICE_X43Y33     blink_cnt_reg[0]/C
High Pulse Width  Fast    FDRE/C              n/a            0.500         4.000       3.500      SLICE_X43Y33     blink_cnt_reg[10]/C
High Pulse Width  Fast    FDRE/C              n/a            0.500         4.000       3.500      SLICE_X43Y33     blink_cnt_reg[11]/C
High Pulse Width  Fast    FDRE/C              n/a            0.500         4.000       3.500      SLICE_X43Y34     blink_cnt_reg[12]/C
High Pulse Width  Fast    FDRE/C              n/a            0.500         4.000       3.500      SLICE_X43Y34     blink_cnt_reg[20]/C
High Pulse Width  Fast    FDRE/C              n/a            0.500         4.000       3.500      SLICE_X43Y33     blink_cnt_reg[8]/C
High Pulse Width  Fast    FDRE/C              n/a            0.500         4.000       3.500      SLICE_X43Y33     blink_cnt_reg[9]/C
High Pulse Width  Slow    FDRE/C              n/a            0.500         4.000       3.500      SLICE_X43Y33     blink_cnt_reg[0]/C



---------------------------------------------------------------------------------------------------
From Clock:  binv_clk
  To Clock:  binv_clk

Setup :           NA  Failing Endpoints,  Worst Slack           NA  ,  Total Violation           NA
Hold  :           NA  Failing Endpoints,  Worst Slack           NA  ,  Total Violation           NA
PW    :            0  Failing Endpoints,  Worst Slack        1.845ns,  Total Violation        0.000ns
---------------------------------------------------------------------------------------------------


Pulse Width Checks
--------------------------------------------------------------------------------------
Clock Name:         binv_clk
Waveform(ns):       { -1.000 1.000 }
Period(ns):         4.000
Sources:            { clk_base/CLKOUT1 }

Check Type  Corner  Lib Pin             Reference Pin  Required(ns)  Actual(ns)  Slack(ns)  Location         Pin
Min Period  n/a     BUFG/I              n/a            2.155         4.000       1.845      BUFGCTRL_X0Y1    binv_clk_BUFG_inst/I
Min Period  n/a     MMCME2_ADV/CLKOUT1  n/a            1.249         4.000       2.751      MMCME2_ADV_X0Y0  clk_base/CLKOUT1
Max Period  n/a     MMCME2_ADV/CLKOUT1  n/a            213.360       4.000       209.360    MMCME2_ADV_X0Y0  clk_base/CLKOUT1



